word,NLF-Human
reveals,10.72902392114182
approach,9.371683522384943
leading,9.210340371976182
made,7.091678117143066
fatal,11.281813744006842
target,9.624341811106634
head,8.034767042171945
mounted,10.914088963881523
rule,9.348453674105818
headquarters,10.68437364740408
taken,8.449534542942423
modest,11.445266816496414
head,8.034767042171945
things,7.505592279737757
admission,11.169335760580152
part,7.413593361237089
keep,7.690827167070069
launched,10.061311637729696
faced,10.384754374060574
counts,10.86582222291169
regards,11.055500617931353
charges,9.946395053547404
blunt,11.74359728270523
regard,10.68437364740408
made,7.091678117143066
there,6.194805471126012
see,6.676643558018751
there,6.194805471126012
point,7.966185778017415
side,8.059768344377362
end,7.643809960553359
collapse,11.100815814143395
feels,9.441012189711184
found,7.643809960553359
attractive,10.29209554357787
breaking,9.808177372731803
hefty,12.986958740398126
charges,9.946395053547404
casino,11.141361908537746
atmosphere,10.455135170822372
gripped,13.49342705879516
life,7.161358037781056
stirred,12.733705387612543
lost,8.314252347419547
added,8.8387768155437
come,7.413593361237089
across,8.633727007672189
makes,8.152550077828328
defence,10.33735213516599
make,6.725433722188183
seen,8.01339218258721
charge,9.161550207806751
mounting,11.83588935156665
take,7.091678117143066
predicts,12.825969364350524
hold,8.772085441045027
appears,9.57850969534065
prepared,9.808177372731803
bring,8.589763884251074
power,8.01339218258721
gap,10.4311202946185
welcomed,11.605040753878034
staying-on,10.251627594025024
stands,10.109282465515724
add,9.003326202591856
position,8.72791422273189
hopes,10.592642711826535
situation,9.003326202591856
A-levels,9.28398691214448
brighter,12.1346826494435
courses,10.455135170822372
Further,8.497390564120058
followed,9.09701168666918
achieve,10.199201796685172
accompanied,10.936312100666235
activated,11.493122837674049
lead,8.752915524937308
group,7.896616703691127
unskilled,13.70218187265727
semi-skilled,11.562115709161
release,9.003326202591856
then,6.750751530172472
goals,9.32575122348751
vocational,12.318122149338796
productive,11.006107862601777
reduce,9.832097556449456
narrow,10.616837440413592
high,7.484008708070583
standard,9.142681723502369
need,6.977105357116931
scoop,12.226275352847694
centre,9.32575122348751
ground,8.866750667586105
needs,8.360189442606572
system,7.921107723699423
setting,9.739669467306731
system,7.921107723699423
deserves,10.72902392114182
needs,8.360189442606572
taken,8.449534542942423
hot-house,9.088122739251933
move,8.403864506109235
welcomed,11.605040753878034
bring,8.589763884251074
handle,9.693226627052931
fair,9.233608998915535
way,6.887952651685957
based,8.034767042171945
field,8.656455258749745
enjoyed,10.154516307339874
rights,8.772085441045027
reduce,9.832097556449456
emphasis,11.074670534039074
immunities,14.851148047470996
reflect,10.616837440413592
balance,9.76372561016097
power,8.01339218258721
fully,9.4639431307751
fledged,13.21667405687557
system,7.921107723699423
remove,9.877819805787553
see-sawing,14.32300839163759
seen,8.01339218258721
High,7.484008708070583
constitutional,10.752119635936468
haunt,12.571355964005509
upset,10.109282465515724
no-fixed-abode,13.545483420751214
carry,9.4639431307751
asks,10.501324553291749
illustrated,11.120883377194204
visitors,10.384754374060574
come,7.413593361237089
Crypt,13.584398837000888
Centre,9.32575122348751
homeless,10.914088963881523
people,6.331141914678144
day,7.023166130493465
situation,9.003326202591856
exploited,12.24898014654145
thing,7.55211229537265
drawing,10.177924398237888
no-fixed-abode,13.545483420751214
contents,11.100815814143395
made,7.091678117143066
promoted,11.169335760580152
appear,9.5556515572646
shattered,12.089178894058676
two-tiered,13.608496388579947
cards,9.76372561016097
scenes,10.177924398237888
clear,8.633727007672189
extension,10.455135170822372
recipe,10.982297213908058
nearer,12.940041820610372
cross,9.210340371976182
bear,9.877819805787553
members,8.403864506109235
missed,9.601902574915355
took,8.034767042171945
missed,9.601902574915355
pulled,9.969627355040672
carrying,10.109282465515724
bound,10.455135170822372
saw,8.426438828147774
way,6.887952651685957
decision,9.003326202591856
came,8.059768344377362
accompany,11.949881240169764
rules,9.070578429601024
followed,9.09701168666918
under,7.52951246345541
rules,9.070578429601024
arrangement,10.936312100666235
designed,9.302455660883988
welcomed,11.605040753878034
home,7.344711054181673
bring,8.589763884251074
describing,10.982297213908058
ride,9.5556515572646
wave,10.085009429159518
swept,11.651038767099864
calls,9.417364541410508
rest,8.679712120914012
will,5.871018394032115
guided,11.37316352259507
went,8.059768344377362
counting,10.89234897724512
big,7.667042262046627
member,8.79823072114935
young,8.220799178362435
came,8.059768344377362
power,8.01339218258721
furious,11.558969403471636
organised,11.330603908176274
member,8.79823072114935
distant,11.074670534039074
rehabilitation,11.536194091909582
move,8.403864506109235
given,8.266434473069054
repulsive,13.403400907137442
sepia-tinted,14.60296841799546
view,8.772085441045027
known,8.314252347419547
uncle,10.476188580020208
rule,9.348453674105818
collapsed,11.696848303131157
footnote,13.42346847018825
powers,9.901489549873457
turn,8.473176305999463
fair,9.233608998915535
design,8.818298284200159
collapsed,11.696848303131157
formed,9.946395053547404
mixture,11.100815814143395
studied,10.384754374060574
gave,8.633727007672189
access,9.09701168666918
introduced,9.854697388366697
laid,10.223692816693468
foundations,11.58227554310502
blend,11.628336316481557
hallmark,12.965359628594664
studied,10.384754374060574
set,7.851931214345828
found,7.643809960553359
directly,9.441012189711184
historical,9.923690259853648
came,8.059768344377362
demonstrated,11.006107862601777
plotless,17.131448095675605
reaching,10.455135170822372
wider,10.959040351743791
currency,10.66277453560062
given,8.266434473069054
free,7.75872654473565
reign,11.355921716160564
stuck,9.946395053547404
figured,10.616837440413592
piece,9.115030192171858
drenched,13.284882306902103
running,8.679712120914012
back,6.812445099177812
rise,9.647296147175718
sail,11.493122837674049
mixture,11.100815814143395
intoxicating,13.884860636099068
sensation,11.74359728270523
used,7.368204695423061
cast,9.693226627052931
gave,8.633727007672189
connection,9.76372561016097
shows,8.679712120914012
scores,10.52338427135648
model,8.910235779525845
clarity,11.74359728270523
materials,9.716178454231134
suit,9.901489549873457
Broke,9.5556515572646
approach,9.371683522384943
score,9.601902574915355
awarded,10.70644959910328
portraits,11.83588935156665
about,5.987472525838444
transferred,10.68437364740408
portraits,11.83588935156665
employ,11.605040753878034
painter,11.674268615378992
technique,10.4311202946185
drawing,10.177924398237888
sitter,13.403400907137442
habit,10.959040351743791
immediate,10.315977275581258
subject,9.302455660883988
terse,14.574797541028763
etched,13.21667405687557
line,8.082169281066529
drawings,11.417615285165905
control,8.29005761883249
felt,8.910235779525845
began,9.053336623166516
lost,8.314252347419547
assessment,10.455135170822372
machinery,11.464135300800796
notices,11.74359728270523
appeared,9.601902574915355
form,8.497390564120058
appeared,9.601902574915355
followed,9.09701168666918
touched,10.819778284410283
sides,9.832097556449456
coin,11.074670534039074
climate,9.877819805787553
thing,7.55211229537265
invited,10.29209554357787
restored,11.235293728371948
focus,9.210340371976182
made,7.091678117143066
reaction,9.832097556449456
register,10.154516307339874
attacked,10.315977275581258
pitched,11.881094788334696
belonged,11.493122837674049
recognised,11.355921716160564
repaid,13.14768118538862
section,9.210340371976182
roots,10.72902392114182
felt,8.910235779525845
destructive,11.766528223769146
contain,10.362353437371407
finest,11.169335760580152
settings,10.982297213908058
Portrait,11.006107862601777
cycles,11.674268615378992
based,8.034767042171945
prolific,12.434228738667928
scale,9.601902574915355
buzzard,14.207072760903449
eyrie,15.541482286654324
make,6.725433722188183
forays,14.64333264185082
advanced,9.877819805787553
indestructible,13.675748615589116
landmark,11.766528223769146
bothered,11.605040753878034
following,8.152550077828328
came,8.059768344377362
find,7.461140517166924
way,6.887952651685957
free,7.75872654473565
market,8.542510999400527
outstanding,10.362353437371407
body,8.29005761883249
body,8.29005761883249
attitudes,11.493122837674049
practices,10.245977861482904
reflect,10.616837440413592
force,8.679712120914012
bellowing,14.89726572956596
broken,9.48609387356269
arrangements,10.982297213908058
designed,9.302455660883988
make,6.725433722188183
fair,9.233608998915535
loosen,12.965359628594664
links,9.854697388366697
projected,11.536194091909582
upwards,12.089178894058676
found,7.643809960553359
made,7.091678117143066
body,8.29005761883249
organised,11.330603908176274
participated,11.493122837674049
running,8.679712120914012
earmarked,13.815510557964274
breadth,12.733705387612543
depth,10.245977861482904
sat,10.03816245586273
boards,10.799975657114103
positions,10.061311637729696
held,8.656455258749745
status,9.510095025662231
cause,8.403864506109235
needed,8.79823072114935
defended,11.512925464970229
introduced,9.854697388366697
expanded,10.86582222291169
assisted,11.281813744006842
made,7.091678117143066
six-lane,10.375092463148835
courses,10.455135170822372
emerged,11.141361908537746
guidance,10.752119635936468
threat,10.131643645673885
spirit,9.693226627052931
presented,9.78659380106463
took,8.034767042171945
yardstick,14.52886044584174
circuit,10.4311202946185
play,7.806697372521679
part,7.413593361237089
umpire,12.965359628594664
far,8.059768344377362
standard,9.142681723502369
thing,7.55211229537265
reduced,10.03816245586273
role,8.8387768155437
headquarters,10.68437364740408
obliged,12.042254560300778
find,7.461140517166924
sources,9.57850969534065
replace,10.177924398237888
abuse,9.993412260064115
make,6.725433722188183
rank,10.501324553291749
top,7.896616703691127
bigger,9.808177372731803
set,7.851931214345828
weed,10.89234897724512
courses,10.455135170822372
made,7.091678117143066
unfair,11.120883377194204
fair,9.233608998915535
throughout,9.233608998915535
throws,11.330603908176274
spanner,14.78309458422598
machinery,11.464135300800796
INCOMING,11.674268615378992
turn,8.473176305999463
upside down,11.50297513411706
considers,11.445266816496414
plans,9.190537744680004
Scattered,11.58227554310502
status,9.510095025662231
Set,7.851931214345828
Set,7.851931214345828
escapes,12.526277909687517
aim,10.33735213516599
aim,10.33735213516599
upset,10.109282465515724
order,8.082169281066529
inherits,14.25246633316381
designed,9.302455660883988
act,8.517193191416238
irritants,15.128554457344572
system,7.921107723699423
nowhere,10.592642711826535
considers,11.445266816496414
co-ordinated,14.072986788358987
contemplate,12.871604659057146
rebuilding,12.180404898781596
machine,9.441012189711184
centrepiece,14.64333264185082
adds,10.637456727616328
seek,10.109282465515724
status,9.510095025662231
approach,9.371683522384943
seek,10.109282465515724
knock,10.70644959910328
keystone,12.778773673014252
sought,10.384754374060574
challenge,9.48609387356269
set,7.851931214345828
headed,10.245977861482904
supreme,9.923690259853648
determing,17.96325589691349
mention,9.832097556449456
override,12.848526711774602
powerful,9.5556515572646
antagonise,16.141364277897676
headed,10.245977861482904
rank,10.501324553291749
act,8.517193191416238
voice,9.053336623166516
intrusion,12.848526711774602
wide,9.302455660883988
watching,9.161550207806751
brief,10.315977275581258
ability,9.302455660883988
given,8.266434473069054
able,8.220799178362435
require,9.716178454231134
born,9.003326202591856
extended,10.03816245586273
oldest,10.959040351743791
shadow,10.501324553291749
present,8.79823072114935
self,8.633727007672189
take,7.091678117143066
leave,8.426438828147774
given,8.266434473069054
rank,10.501324553291749
member,8.79823072114935
proper,9.854697388366697
operate,10.362353437371407
work,6.999870567889943
conflicts,11.281813744006842
interest,8.818298284200159
plan,8.542510999400527
says,8.082169281066529
concerns,10.154516307339874
split,10.015537056344751
transfer,9.854697388366697
Standards,9.716178454231134
bodies,9.923690259853648
recommended,10.362353437371407
merge,12.089178894058676
replace,10.177924398237888
bodies,9.923690259853648
higher,8.79823072114935
body,8.29005761883249
replace,10.177924398237888
interest,8.818298284200159
Fair,9.233608998915535
Standards,9.716178454231134
administered,11.605040753878034
accept,9.5556515572646
back,6.812445099177812
made,7.091678117143066
leading,9.210340371976182
Shadow,10.501324553291749
member,8.79823072114935
decided,9.003326202591856
oppose,11.651038767099864
member,8.79823072114935
sought,10.384754374060574
force,8.679712120914012
Co-ordinating,14.55574934605807
smash,11.305911295585902
decrepit,14.344839653294825
effete,15.886983929994932
constitution,10.223692816693468
allows,9.969627355040672
capture,10.545941618780557
power,8.01339218258721
use,7.344711054181673
interests,9.993412260064115
forced,9.601902574915355
power,8.01339218258721
ram,11.074670534039074
throats,12.965359628594664
system,7.921107723699423
way,6.887952651685957
delivering,11.305911295585902
strong,8.703522769607732
approach,9.371683522384943
acquiescing,16.34876746869332
arguing,10.936312100666235
got,7.114779448416464
long,7.344711054181673
turn,8.473176305999463
build,9.115030192171858
pull,9.624341811106634
centre,9.32575122348751
ground,8.866750667586105
radical,10.752119635936468
make,6.725433722188183
clear,8.633727007672189
whole,8.152550077828328
designed,9.302455660883988
centre,9.32575122348751
ground,8.866750667586105
see,6.676643558018751
system,7.921107723699423
inferior,11.949881240169764
system,7.921107723699423
obliged,12.042254560300778
came,8.059768344377362
demonstrated,11.006107862601777
giving,8.866750667586105
power,8.01339218258721
giving,8.866750667586105
power,8.01339218258721
centre,9.32575122348751
system,7.921107723699423
tactical,11.58227554310502
get,6.260652036923599
rid,10.362353437371407
way,6.887952651685957
remove,9.877819805787553
reinforce,12.24898014654145
conviction,11.190841965801114
position,8.72791422273189
show,7.643809960553359
before,7.0690984293909
leaving,9.25638431047759
free,7.75872654473565
sell,9.25638431047759
package,10.455135170822372
splits,12.664938530365454
close,8.381788554410035
recommending,12.54856295447695
calling,9.302455660883988
urging,12.24898014654145
oppose,11.651038767099864
supported,9.946395053547404
commit,10.752119635936468
power,8.01339218258721
rejection,11.74359728270523
reduced,10.03816245586273
Pint-sized,12.515318895897796
rollers,13.102560750108148
ahead,9.190537744680004
rule,9.348453674105818
comes,8.381788554410035
complete,8.979228651012797
decent,10.592642711826535
rule,9.348453674105818
thumb,11.493122837674049
obliged,12.042254560300778
rest,8.679712120914012
above,8.752915524937308
way,6.887952651685957
half-way,8.492500578825865
house,7.575234712793504
comfortable,9.993412260064115
after,6.653113060608557
manage,10.26877087101146
way,6.887952651685957
circuit,10.4311202946185
ripe,12.272212448034718
handles,11.858236650258643
bending,12.24898014654145
plethora,13.261625444737836
surrounding,10.384754374060574
attached,10.315977275581258
release,9.003326202591856
set,7.851931214345828
dark,9.115030192171858
material,9.32575122348751
before,7.0690984293909
below,9.09701168666918
Loaded,10.936312100666235
talked-about,10.101938491259968
regarded,10.845096092394574
destined,11.995811720046978
bigger,9.808177372731803
stadia,14.459867574354789
self-destruct,14.049967869178758
Catch,9.510095025662231
beat,9.190537744680004
Free,7.75872654473565
lead,8.752915524937308
self-absorbed,11.742338629298034
doodlings,19.92720304186209
long-haired,12.212090717855736
get,6.260652036923599
appetising,16.050437002484504
brief,10.315977275581258
foray,13.72020037815995
way,6.887952651685957
go,6.840096630508322
circuit,10.4311202946185
Top,7.896616703691127
Lazy,10.959040351743791
remains,9.670789788417109
strong,8.703522769607732
sweaty,12.526277909687517
level,8.266434473069054
oppressive,12.778773673014252
ingredients,11.190841965801114
takeaway,13.078346491987556
less,8.082169281066529
salubrious,15.817991058507982
Chinese,9.190537744680004
temple,10.476188580020208
Back,6.812445099177812
rest,8.679712120914012
Home,7.344711054181673
heavy,9.302455660883988
determined,10.03816245586273
wholesome,12.639937228160036
L-shaped,10.78537685769295
ensuring,11.512925464970229
atmosphere,10.455135170822372
uninhibited,14.759686493327964
whelping,17.500397990808672
gone,8.818298284200159
incarnations,14.207072760903449
odd,10.545941618780557
leads,10.015537056344751
diminishing,12.940041820610372
atmosphere,10.455135170822372
survived,10.77576139899351
change,7.966185778017415
venerable,13.194934070239164
home,7.344711054181673
back,6.812445099177812
form,8.497390564120058
moral,10.455135170822372
minefields,15.405145843102195
appeal,9.969627355040672
things,7.505592279737757
bludgeoned,15.151111804768648
meeting,8.866750667586105
win,8.314252347419547
wicked,11.536194091909582
rose-tinted,13.22218371268654
reassuring,12.895227804820582
set,7.851931214345828
perennial,12.639937228160036
characters,9.48609387356269
saved,9.969627355040672
harsh,11.190841965801114
sweet,9.417364541410508
breaks,10.455135170822372
mould,12.778773673014252
Curious,10.476188580020208
win,8.314252347419547
gimlet-eyed,15.673409829696874
world,7.161358037781056
stand,8.88825687280707
way,6.887952651685957
look,7.344711054181673
light,8.449534542942423
bring,8.589763884251074
minefield,13.999433396125202
gets,8.633727007672189
away,7.782424336165473
minefield,13.999433396125202
showing,9.48609387356269
tree-lined,11.483366662728685
innocent,10.476188580020208
gave,8.633727007672189
long,7.344711054181673
happy,8.403864506109235
way,6.887952651685957
strength,9.670789788417109
highlighted,11.766528223769146
nature,9.25638431047759
part,7.413593361237089
combined,9.946395053547404
spending,9.877819805787553
prolific,12.434228738667928
point,7.966185778017415
see,6.676643558018751
roles,10.501324553291749
lot,7.806697372521679
brilliant,10.245977861482904
there,6.194805471126012
started,8.314252347419547
coat-hanger,13.333084408719982
hang,10.131643645673885
pictures,9.394263210137112
place,7.575234712793504
claim,9.32575122348751
buried,10.592642711826535
world,7.161358037781056
born,9.003326202591856
rich,9.417364541410508
source,8.866750667586105
maintain,10.015537056344751
close,8.381788554410035
links,9.854697388366697
spend,9.279690450110976
absorbing,12.664938530365454
ran,9.510095025662231
steam,10.315977275581258
killing,9.48609387356269
eat,8.910235779525845
getting,7.896616703691127
lot,7.806697372521679
use,7.344711054181673
lay,10.03816245586273
armies,11.74359728270523
way,6.887952651685957
prescription,11.512925464970229
sitting,9.533304258572604
fire,8.517193191416238
cave,11.055500617931353
come,7.413593361237089
full,7.966185778017415
small,8.034767042171945
pair,9.854697388366697
turned,9.003326202591856
grounds,10.52338427135648
strong,8.703522769607732
puts,10.29209554357787
finger,10.40766863358345
revolution,10.223692816693468
lagging,13.333084408719982
behind,8.542510999400527
setting,9.739669467306731
revolution,10.223692816693468
left,7.782424336165473
untouched,12.848526711774602
setting,9.739669467306731
change,7.966185778017415
clever,11.030499315725937
neat,11.536194091909582
describes,10.592642711826535
spreading,11.074670534039074
bogged,13.838779184903627
overcome,10.89234897724512
reckons,14.09126405955078
material,9.32575122348751
produced,9.510095025662231
far,8.059768344377362
about,5.987472525838444
world,7.161358037781056
expands,12.480509491231937
opened,9.5556515572646
impact,9.394263210137112
immediate,10.315977275581258
holding,9.4639431307751
open,8.105083540589405
walks,10.77576139899351
regularly,10.315977275581258
uses,9.48609387356269
taken,8.449534542942423
courses,10.455135170822372
lagging,13.333084408719982
behind,8.542510999400527
plan,8.542510999400527
running,8.679712120914012
end,7.643809960553359
business-orientated,13.909821237435516
sharing,9.993412260064115
capable,10.109282465515724
handling,10.616837440413592
allies,10.89234897724512
branches,11.030499315725937
reckons,14.09126405955078
takes,8.79823072114935
able,8.220799178362435
mixed,10.03816245586273
bit,8.360189442606572
central,8.932708635377903
tight,10.199201796685172
reluctance,12.848526711774602
central,8.932708635377903
take,7.091678117143066
makes,8.152550077828328
sector,9.993412260064115
support,7.989510450583824
far,8.059768344377362
part,7.413593361237089
response,9.142681723502369
work,6.999870567889943
pilots,11.235293728371948
sector,9.993412260064115
happy,8.403864506109235
pump,10.86582222291169
priming,14.069113316763191
bankroll,14.138474444560694
stake,11.169335760580152
here,6.977105357116931
sophisticated,11.399596779663224
runs,9.57850969534065
business,7.921107723699423
fantastic,9.877819805787553
make,6.725433722188183
dying,10.061311637729696
dormitories,14.18367988132874
fell,9.5556515572646
over,6.725433722188183
under,7.52951246345541
aim,10.33735213516599
flexible,11.21282087251989
make,6.725433722188183
emphasis,11.074670534039074
high,7.484008708070583
wider,10.959040351743791
impact,9.394263210137112
talk,8.24335652578651
replaced,10.245977861482904
finds,10.109282465515724
concrete,10.501324553291749
overcome,10.89234897724512
given,8.266434473069054
overcome,10.89234897724512
handicap,12.41186755850977
centres,11.281813744006842
sees,10.154516307339874
strengthening,11.92692690410068
reverse,10.66277453560062
flows,11.190841965801114
growing,9.348453674105818
revolution,10.223692816693468
tireless,13.72020037815995
revolution,10.223692816693468
viewing,11.330603908176274
sidelines,13.078346491987556
horizon,11.355921716160564
black,8.152550077828328
heap,12.45710140033392
visited,10.362353437371407
playing,8.360189442606572
fire,8.517193191416238
arrange,11.512925464970229
couple,8.772085441045027
fixtures,11.995811720046978
consumed,11.628336316481557
conflagration,14.804371982673263
making,7.966185778017415
scatter,12.91942253340764
ashes,11.674268615378992
discordant,14.736813831661973
mess,10.199201796685172
Losing,9.5556515572646
thing,7.55211229537265
lose,9.028018815182229
spinelessly,19.92720304186209
add,9.003326202591856
injured,10.33735213516599
points,8.679712120914012
coach,9.302455660883988
chants,12.895227804820582
side,8.059768344377362
made,7.091678117143066
wretched,12.965359628594664
given,8.266434473069054
goingover,19.92720304186209
short,8.449534542942423
squirming,14.598582446052207
discomfort,12.318122149338796
squad,9.969627355040672
coach,9.302455660883988
plans,9.190537744680004
ruins,11.464135300800796
reduced,10.03816245586273
Micawberlike,19.92720304186209
turn,8.473176305999463
face,8.17360348702616
short,8.449534542942423
admitted,10.384754374060574
give,7.575234712793504
giving,8.866750667586105
hammering,13.37725562703312
half-time,8.390560540482872
building,8.542510999400527
looked,8.955698153602603
weathered,13.471920853574195
fury,11.719949634404555
conceding,13.49342705879516
coming,8.29005761883249
score,9.601902574915355
slipped,11.536194091909582
penury,15.911081481573994
unanswered,13.102560750108148
points,8.679712120914012
raised,9.57850969534065
give,7.575234712793504
twopence,17.10695707566731
backs,11.281813744006842
pedestrian,12.180404898781596
lay,10.03816245586273
elsewhere,10.455135170822372
steady,10.799975657114103
supply,9.647296147175718
commend,13.23889719366028
reverted,13.49342705879516
donkeys,13.675748615589116
pressure,9.190537744680004
comes,8.381788554410035
habits,11.030499315725937
approach,9.371683522384943
deserves,10.72902392114182
hand,8.266434473069054
mobility,11.399596779663224
aggression,11.74359728270523
swifter,15.58746739989615
loose,10.455135170822372
clearer,12.1346826494435
there,6.194805471126012
given,8.266434473069054
took,8.034767042171945
control,8.29005761883249
encapsulated,14.0225347273986
delayed,11.055500617931353
putting,9.533304258572604
link,9.233608998915535
scored,10.061311637729696
scrum-half,13.244531011378536
harmony,11.258283246596648
reaction,9.832097556449456
steady,10.799975657114103
bringing,9.877819805787553
well-crafted,12.322606461786126
promised,10.384754374060574
quarter,9.854697388366697
wiping,12.803909646285794
11-point,8.947976107508692
supporting,9.877819805787553
break,8.79823072114935
distress,11.628336316481557
taken,8.449534542942423
step,8.910235779525845
backward,12.180404898781596
sorry,8.79823072114935
looks,8.381788554410035
backwards,11.417615285165905
way,6.887952651685957
takes,8.79823072114935
place,7.575234712793504
run,8.082169281066529
hints,11.858236650258643
gifts,10.637456727616328
recall,10.592642711826535
exhibiting,12.895227804820582
considered,9.028018815182229
valid,10.637456727616328
drew,10.455135170822372
large,8.314252347419547
redeeming,13.795707930668094
muted,12.848526711774602
end,7.643809960553359
takes,8.79823072114935
assess,11.355921716160564
emerged,11.141361908537746
scuffling,15.84046391436004
made,7.091678117143066
exit,10.70644959910328
won,8.752915524937308
taken,8.449534542942423
leadership,9.739669467306731
stayed,10.29209554357787
top,7.896616703691127
postponed,12.110762465725848
visit,9.115030192171858
live,7.966185778017415
longest,11.006107862601777
leading,9.210340371976182
piqued,14.437267742437546
turned,9.003326202591856
longest,11.006107862601777
dragged,11.512925464970229
chemistry,10.70644959910328
dull,11.651038767099864
physics,10.616837440413592
kept,9.210340371976182
fine,8.679712120914012
passing,10.061311637729696
sprinkled,13.261625444737836
joust,15.036290480606592
simple,9.028018815182229
answer,8.818298284200159
position,8.72791422273189
pocketed,14.39176398705272
points,8.679712120914012
half-hour,9.258480747304118
forays,14.64333264185082
save,8.88825687280707
stretch-version,10.88165368812837
keeper,11.464135300800796
peak,10.29209554357787
health,8.198739460297702
kept,9.210340371976182
grip,11.258283246596648
indicated,10.72902392114182
side,8.059768344377362
accession,12.895227804820582
title,8.979228651012797
longer,8.8387768155437
walked,9.969627355040672
suspension,10.959040351743791
followed,9.09701168666918
firmly,11.512925464970229
class,8.381788554410035
flopped,13.86155449646568
close,8.381788554410035
saw,8.426438828147774
won,8.752915524937308
half,8.266434473069054
gifts,10.637456727616328
heavens,12.157282481360742
left,7.782424336165473
greater,9.441012189711184
mark,9.09701168666918
won,8.752915524937308
kept,9.210340371976182
turning,9.877819805787553
bean,11.558969403471636
hard-working,8.778557955550644
side,8.059768344377362
trying,8.128535201624453
sort,9.210340371976182
system,7.921107723699423
spare,10.86582222291169
far,8.059768344377362
see,6.676643558018751
deal,8.473176305999463
suit,9.901489549873457
left-back,8.105083540589405
made,7.091678117143066
heart,8.497390564120058
pound,10.77576139899351
direct,9.417364541410508
withdrawn,11.74359728270523
found,7.643809960553359
fruitful,13.122363377404328
get,6.260652036923599
aspect,10.5690195660631
deserves,10.72902392114182
sweeper,14.069113316763191
build,9.115030192171858
display,10.061311637729696
knew,8.752915524937308
serious,8.979228651012797
put,7.690827167070069
vision,10.061311637729696
exchanged,12.110762465725848
central,8.932708635377903
exercise,9.946395053547404
aroused,13.009034692097323
attack,9.003326202591856
Pharisees,14.138474444560694
take,7.091678117143066
dogged,13.884860636099068
make,6.725433722188183
Lord,8.979228651012797
gone,8.818298284200159
way,6.887952651685957
points,8.679712120914012
large,8.314252347419547
elements,9.901489549873457
found,7.643809960553359
warmly,13.261625444737836
service,8.082169281066529
stands,10.109282465515724
addressed,10.914088963881523
powers,9.901489549873457
exercised,12.618562368575304
account,8.72791422273189
role,8.8387768155437
went,8.059768344377362
farther,11.858236650258643
founded,10.362353437371407
handed,10.545941618780557
giving,8.866750667586105
teachting,19.92720304186209
alone,8.8387768155437
role,8.8387768155437
exercised,12.618562368575304
communion,12.434228738667928
see,6.676643558018751
vital,10.637456727616328
hand,8.266434473069054
restore,11.100815814143395
handed,10.545941618780557
stressed,11.100815814143395
change,7.966185778017415
constitution,10.223692816693468
aggravated,12.733705387612543
learnt,11.812680118656278
says,8.082169281066529
evil,9.808177372731803
friendly,10.03816245586273
brotherly,13.999433396125202
keep,7.690827167070069
tight,10.199201796685172
rein,12.965359628594664
shadow,10.501324553291749
set,7.851931214345828
tone,10.384754374060574
tough,9.739669467306731
controls,10.5690195660631
won,8.752915524937308
casts,12.480509491231937
took,8.034767042171945
quick,9.25638431047759
fixes,12.45710140033392
quick,9.25638431047759
fix,9.78659380106463
quick,9.25638431047759
fix,9.78659380106463
unfixed,16.004766965651317
change,7.966185778017415
situation,9.003326202591856
inherit,12.618562368575304
got,7.114779448416464
mess,10.199201796685172
clear,8.633727007672189
mess,10.199201796685172
means,8.198739460297702
mean,7.989510450583824
abandoning,12.639937228160036
tackle,11.169335760580152
putting,9.533304258572604
order,8.082169281066529
strong,8.703522769607732
fair,9.233608998915535
guiding,12.180404898781596
light,8.449534542942423
full,7.966185778017415
support,7.989510450583824
see,6.676643558018751
point,7.966185778017415
take,7.091678117143066
account,8.72791422273189
balance,9.76372561016097
says,8.082169281066529
underpinning,14.09126405955078
growth,9.142681723502369
sustained,11.074670534039074
miles,9.210340371976182
ahead,9.190537744680004
get,6.260652036923599
afford,10.199201796685172
going,7.045868581111772
come,7.413593361237089
called,7.851931214345828
cuts,10.545941618780557
member,8.79823072114935
fringe,11.83588935156665
organised,11.330603908176274
soft-left,10.056638732030304
cutting,10.109282465515724
over,6.725433722188183
raising,10.52338427135648
level,8.266434473069054
top,7.896616703691127
low,8.449534542942423
endorsed,11.812680118656278
giving,8.866750667586105
go,6.840096630508322
offensive,10.455135170822372
run-up,8.202382451576204
areas,8.866750667586105
reform,10.29209554357787
form,8.497390564120058
defeated,11.120883377194204
yield,11.141361908537746
massive,9.854697388366697
right-wingers,13.083142664251048
goose-step,11.931475812627047
direction,9.371683522384943
carried,9.739669467306731
opened,9.5556515572646
buoyed,14.620707242332845
giving,8.866750667586105
leads,10.015537056344751
points,8.679712120914012
atmosphere,10.455135170822372
poisoned,12.480509491231937
intractable,14.09126405955078
facing,10.362353437371407
persistent,11.74359728270523
got,7.114779448416464
plant,9.4639431307751
failed,9.624341811106634
convince,10.914088963881523
come,7.413593361237089
clean,9.279690450110976
looks,8.381788554410035
uncomfortable,11.074670534039074
plants,9.877819805787553
dropped,9.832097556449456
high-temperature,10.11420858385178
plant,9.4639431307751
lay,10.03816245586273
awaiting,12.089178894058676
massive,9.854697388366697
spent,9.161550207806751
backdrop,12.480509491231937
covering,10.476188580020208
walls,10.085009429159518
decide,9.716178454231134
deal,8.473176305999463
intractable,14.09126405955078
find,7.461140517166924
back,6.812445099177812
yard,10.199201796685172
grinds,14.046182375699276
about,5.987472525838444
high,7.484008708070583
centres,11.281813744006842
conscious,11.100815814143395
uncomfortable,11.074670534039074
bound,10.455135170822372
plant,9.4639431307751
underlined,13.584398837000888
attract,11.055500617931353
chain,10.015537056344751
long,7.344711054181673
busiest,12.848526711774602
felt,8.910235779525845
plants,9.877819805787553
collision,11.628336316481557
diffuse,13.168407315905736
painfully,12.733705387612543
make,6.725433722188183
face,8.17360348702616
responded,10.914088963881523
desperate,10.77576139899351
aimed,10.936312100666235
soothing,12.778773673014252
about,5.987472525838444
aggressive,10.77576139899351
admitted,10.384754374060574
operations,9.510095025662231
plant,9.4639431307751
plant,9.4639431307751
cross,9.210340371976182
business,7.921107723699423
bear,9.877819805787553
lengths,11.696848303131157
goes,8.703522769607732
keep,7.690827167070069
plant,9.4639431307751
emission-free,12.216122981383675
protective,11.21282087251989
cupboard,12.803909646285794
mouth,9.601902574915355
plant,9.4639431307751
shut,9.716178454231134
stretching,11.858236650258643
bridge,9.739669467306731
injected,12.226275352847694
drifted,12.871604659057146
cracked,11.536194091909582
gentle,11.120883377194204
shift,10.199201796685172
view,8.772085441045027
get,6.260652036923599
lot,7.806697372521679
convert,11.258283246596648
comes,8.381788554410035
blows,11.417615285165905
get,6.260652036923599
going,7.045868581111772
coming,8.29005761883249
get,6.260652036923599
heart,8.497390564120058
lay,10.03816245586273
sucked,11.83588935156665
here,6.977105357116931
about,5.987472525838444
quarter,9.854697388366697
rate,8.88825687280707
up to,6.0968250627658085
here,6.977105357116931
gaping,13.37725562703312
mouth,9.601902574915355
lies,9.832097556449456
end,7.643809960553359
chain,10.015537056344751
pollution,11.055500617931353
About,5.987472525838444
grounds,10.52338427135648
point,7.966185778017415
business,7.921107723699423
side,8.059768344377362
angels,10.914088963881523
put,7.690827167070069
emphasis,11.074670534039074
elsewhere,10.455135170822372
plants,9.877819805787553
acting,9.624341811106634
clean,9.279690450110976
call,8.034767042171945
plants,9.877819805787553
stroke,10.89234897724512
go,6.840096630508322
part,7.413593361237089
switches,11.881094788334696
forced,9.601902574915355
clean,9.279690450110976
plant,9.4639431307751
section,9.210340371976182
pointed,10.455135170822372
achieved,10.384754374060574
remains,9.670789788417109
Friends,8.220799178362435
survey,9.923690259853648
found,7.643809960553359
plant,9.4639431307751
plant,9.4639431307751
make,6.725433722188183
Stack,11.399596779663224
standard,9.142681723502369
lower,8.955698153602603
showed,9.533304258572604
levels,9.279690450110976
plants,9.877819805787553
reacted,12.340747548856775
sending,10.109282465515724
plant,9.4639431307751
cloud,10.455135170822372
wreathed,15.84046391436004
sweet,9.417364541410508
sickly,13.74785190949046
bit,8.360189442606572
about,5.987472525838444
waiting,9.070578429601024
cut,8.656455258749745
roasted,12.1346826494435
chain,10.015537056344751
moving,9.161550207806751
big,7.667042262046627
dump,11.330603908176274
dirty,10.245977861482904
members,8.403864506109235
called,7.851931214345828
taken,8.449534542942423
coming,8.29005761883249
plant,9.4639431307751
settling,11.858236650258643
going,7.045868581111772
huge,9.070578429601024
lengths,11.696848303131157
keep,7.690827167070069
run,8.082169281066529
short,8.449534542942423
long,7.344711054181673
shut,9.716178454231134
spilled,12.363896730723742
section,9.210340371976182
shut,9.716178454231134
connection,9.76372561016097
communities,9.877819805787553
turning,9.877819805787553
habit,10.959040351743791
spread,9.647296147175718
come,7.413593361237089
introduced,9.854697388366697
point,7.966185778017415
direct,9.417364541410508
maintain,10.015537056344751
habits,11.030499315725937
turn,8.473176305999463
lead,8.752915524937308
spread,9.647296147175718
overtaken,13.49342705879516
trace,11.074670534039074
range,8.932708635377903
supports,10.545941618780557
link,9.233608998915535
suggested,9.946395053547404
low,8.449534542942423
levels,9.279690450110976
lead,8.752915524937308
stronger,10.245977861482904
found,7.643809960553359
reduce,9.832097556449456
recognise,11.696848303131157
large,8.314252347419547
stores,10.061311637729696
concentrate,11.355921716160564
department,8.679712120914012
given,8.266434473069054
reduce,9.832097556449456
Part,7.413593361237089
attraction,11.258283246596648
allow,9.190537744680004
feel,7.667042262046627
control,8.29005761883249
aspects,10.362353437371407
dramatic,10.5690195660631
work,6.999870567889943
way,6.887952651685957
controlled,10.154516307339874
trials,10.77576139899351
address,9.417364541410508
feel,7.667042262046627
go,6.840096630508322
system,7.921107723699423
stress,9.832097556449456
management,8.910235779525845
Campaign,9.210340371976182
conducting,11.355921716160564
Centre,9.32575122348751
offers,9.808177372731803
Return,8.772085441045027
code,9.028018815182229
looms,13.284882306902103
horizon,11.355921716160564
waiting,9.070578429601024
fade,11.83588935156665
sunset,11.417615285165905
victim,10.223692816693468
narcissistic,13.308692955595822
preferred,10.70644959910328
look,7.344711054181673
prosperous,12.434228738667928
smart-alecky,17.383943859002343
violent,10.455135170822372
outer,10.936312100666235
wheel,10.362353437371407
turned,9.003326202591856
full,7.966185778017415
circle,10.245977861482904
revived,12.340747548856775
reinterpreted,15.151111804768648
fell,9.5556515572646
victim,10.223692816693468
values,9.969627355040672
stripped,11.881094788334696
mask,10.799975657114103
taken,8.449534542942423
threadbare,15.128554457344572
form,8.497390564120058
old,7.484008708070583
lightly,11.605040753878034
get,6.260652036923599
away,7.782424336165473
elements,9.901489549873457
old,7.484008708070583
fall,8.910235779525845
apart,9.716178454231134
signed,9.5556515572646
broken,9.48609387356269
part,7.413593361237089
work,6.999870567889943
peak,10.29209554357787
channel,9.5556515572646
top,7.896616703691127
top,7.896616703691127
gone,8.818298284200159
way,6.887952651685957
extinct,12.29599735305816
preservation,11.493122837674049
national,8.034767042171945
park,8.8387768155437
dominated,11.100815814143395
starved,12.733705387612543
handy,11.58227554310502
substitute,11.120883377194204
signs,9.877819805787553
struggling,10.752119635936468
saddle,12.1346826494435
launched,10.061311637729696
shown,9.441012189711184
allowed,9.142681723502369
lowly,13.194934070239164
follow,8.88825687280707
powerful,9.5556515572646
found,7.643809960553359
talk,8.24335652578651
set,7.851931214345828
context,10.061311637729696
feel,7.667042262046627
won,8.752915524937308
substantial,10.752119635936468
brought,8.8387768155437
tells,9.716178454231134
says,8.082169281066529
believe,8.034767042171945
appeal,9.969627355040672
cast,9.693226627052931
make,6.725433722188183
extended,10.03816245586273
advertisement,11.881094788334696
Lights,10.03816245586273
sprawl,13.838779184903627
take,7.091678117143066
points,8.679712120914012
gone,8.818298284200159
barn,11.536194091909582
roof,10.245977861482904
nature,9.25638431047759
demand,9.57850969534065
make,6.725433722188183
big,7.667042262046627
stars,9.533304258572604
ride,9.5556515572646
gladiatorial,15.47099240889978
hand,8.266434473069054
whole,8.152550077828328
generation,9.624341811106634
rules,9.070578429601024
going,7.045868581111772
inert,13.608496388579947
troubled,11.719949634404555
adventurous,12.710253726577497
anxious,11.305911295585902
come,7.413593361237089
deeper,10.819778284410283
values,9.969627355040672
hand,8.266434473069054
came,8.059768344377362
trailing,12.54856295447695
far,8.059768344377362
far,8.059768344377362
premature,12.2040746428675
galloped,15.222007626401684
centre,9.32575122348751
puff,12.54856295447695
dust,10.5690195660631
horizon,11.355921716160564
things,7.505592279737757
changed,9.053336623166516
hands,8.8387768155437
show,7.643809960553359
come,7.413593361237089
way,6.887952651685957
points,8.679712120914012
bear,9.877819805787553
giving,8.866750667586105
Ask,8.426438828147774
present,8.79823072114935
given,8.266434473069054
subject,9.302455660883988
show,7.643809960553359
ill-will,9.873928750294583
adviser,11.651038767099864
high,7.484008708070583
degree,9.348453674105818
strong,8.703522769607732
fall,8.910235779525845
pieces,9.854697388366697
side,8.059768344377362
bought,9.417364541410508
courtesy,11.21282087251989
strict,10.982297213908058
occurred,10.199201796685172
given,8.266434473069054
longstop,18.400878116656187
failing,10.819778284410283
complied,13.23889719366028
reasonable,10.154516307339874
lose,9.028018815182229
made,7.091678117143066
collected,10.061311637729696
reckons,14.09126405955078
decided,9.003326202591856
get,6.260652036923599
hook,10.66277453560062
said,6.887952651685957
accurate,10.199201796685172
work,6.999870567889943
rob,10.70644959910328
hide,10.26877087101146
fair,9.233608998915535
take,7.091678117143066
away,7.782424336165473
reached,9.5556515572646
point,7.966185778017415
suggest,9.78659380106463
sense,8.772085441045027
hazy,13.49342705879516
vaporous,16.555051426157856
presences,15.197812897814629
float,11.651038767099864
slender,12.45710140033392
anaemic,15.58746739989615
support,7.989510450583824
opens,10.52338427135648
projected,11.536194091909582
cover,9.028018815182229
present,8.79823072114935
aims,11.030499315725937
explore,10.799975657114103
describes,10.592642711826535
painful,10.77576139899351
subject,9.302455660883988
attractive,10.29209554357787
tremulously,17.1765261499936
sensitive,10.455135170822372
probing,13.333084408719982
Sensitivity,11.628336316481557
presents,10.5690195660631
here,6.977105357116931
humourless,16.325119820392647
mood-piece,10.724468104605958
filled,9.901489549873457
over-elaborate,11.381897202563824
imagery,11.904487667909402
finds,10.109282465515724
hard,7.989510450583824
reserved,11.100815814143395
contrast,10.455135170822372
vividly,13.21667405687557
dominated,11.100815814143395
refreshing,11.904487667909402
tenderness,13.261625444737836
account,8.72791422273189
way,6.887952651685957
drawn,10.29209554357787
carry,9.4639431307751
weight,9.161550207806751
conducting,11.355921716160564
devious,13.74785190949046
obsolete,12.318122149338796
make,6.725433722188183
things,7.505592279737757
response,9.142681723502369
flat,9.854697388366697
reaction,9.832097556449456
massive,9.854697388366697
join,9.210340371976182
violent,10.455135170822372
hysterically,13.953623860093908
colourful,12.54856295447695
piece,9.115030192171858
woven,12.526277909687517
plot,10.177924398237888
broad,10.29209554357787
inserted,12.110762465725848
capture,10.545941618780557
feel,7.667042262046627
cloudy,12.54856295447695
give,7.575234712793504
given,8.266434473069054
goes,8.703522769607732
things,7.505592279737757
child,8.517193191416238
drawing,10.177924398237888
ghosts,11.788678966556736
extinguished,13.37725562703312
chandeliers,13.999433396125202
prance,15.222007626401684
holding,9.4639431307751
hysterics,14.78309458422598
come,7.413593361237089
lover,10.914088963881523
guide,9.78659380106463
tight,10.199201796685172
losing,9.5556515572646
allows,9.969627355040672
able,8.220799178362435
run,8.082169281066529
rule,9.348453674105818
orchestrated,13.168407315905736
campaigns,11.030499315725937
image,9.348453674105818
pal,11.536194091909582
tight,10.199201796685172
complicated,10.4311202946185
seats,10.29209554357787
unprotected,13.14768118538862
leads,10.015537056344751
plumes,13.999433396125202
spewing,13.72020037815995
remedy,11.92692690410068
seats,10.29209554357787
head,8.034767042171945
making,7.966185778017415
seats,10.29209554357787
defeats,12.180404898781596
object,10.223692816693468
market,8.542510999400527
aim,10.33735213516599
seats,10.29209554357787
heads,9.969627355040672
need,6.977105357116931
retune,16.64742474628887
free,7.75872654473565
listing,10.77576139899351
view,8.772085441045027
take,7.091678117143066
range,8.932708635377903
help,7.484008708070583
depressed,11.190841965801114
around,7.437084374312687
converted,11.030499315725937
run,8.082169281066529
around,7.437084374312687
about,5.987472525838444
come,7.413593361237089
larger,9.624341811106634
part,7.413593361237089
there,6.194805471126012
run,8.082169281066529
succumbed,13.443947001531791
front,8.563237129917644
greenness,16.11809565095832
bit,8.360189442606572
grey,10.40766863358345
area,8.152550077828328
shadow,10.501324553291749
adjustments,11.92692690410068
make,6.725433722188183
ones,9.053336623166516
return,8.772085441045027
intervals,12.226275352847694
shorter,11.006107862601777
higher,8.79823072114935
far,8.059768344377362
come,7.413593361237089
successful,9.348453674105818
range,8.932708635377903
around,7.437084374312687
about,5.987472525838444
comes,8.381788554410035
shape,9.854697388366697
commanding,11.881094788334696
returning,10.384754374060574
levels,9.279690450110976
find,7.461140517166924
boosts,12.871604659057146
Dazzling,12.91942253340764
mixing,11.258283246596648
combine,11.21282087251989
charm,11.235293728371948
accessible,11.100815814143395
aimed,10.936312100666235
combines,12.1346826494435
marks,10.384754374060574
range,8.932708635377903
high,7.484008708070583
charm,11.235293728371948
explodes,12.871604659057146
sophisticated,11.399596779663224
grounds,10.52338427135648
run,8.082169281066529
combine,11.21282087251989
flashy,13.23889719366028
princely,14.069113316763191
low,8.449534542942423
embrace,11.141361908537746
start,7.921107723699423
reviving,13.37725562703312
hunts,13.009034692097323
dry,9.808177372731803
end,7.643809960553359
sharpen,13.471920853574195
feel,7.667042262046627
came,8.059768344377362
end,7.643809960553359
shot,8.703522769607732
poison,11.330603908176274
end,7.643809960553359
busy,9.78659380106463
dry,9.808177372731803
focus,9.210340371976182
brief,10.315977275581258
accurate,10.199201796685172
accurate,10.199201796685172
accurate,10.199201796685172
share,8.752915524937308
find,7.461140517166924
dare,10.799975657114103
speak,9.142681723502369
as,5.134499281318642
feeling,8.910235779525845
gently,11.330603908176274
amorous,14.368895796149062
randy,11.696848303131157
short,8.449534542942423
order,8.082169281066529
puritans,14.344839653294825
dismiss,11.858236650258643
appetites,14.115265211650325
loss,9.053336623166516
Come,7.413593361237089
hits,10.015537056344751
spot,9.4639431307751
firm,9.693226627052931
country,8.105083540589405
solicitors,13.031609014135864
satisfied,10.86582222291169
unquenching,19.92720304186209
quenching,14.78309458422598
quench,14.069113316763191
light,8.449534542942423
put,7.690827167070069
back,6.812445099177812
blunt,11.74359728270523
cut,8.656455258749745
quenching,14.78309458422598
modest,11.445266816496414
smack,12.340747548856775
dries,13.3580857109254
ready,8.563237129917644
quench,14.069113316763191
quench,14.069113316763191
lying,9.969627355040672
lascivious,15.036290480606592
tell,7.989510450583824
quenching,14.78309458422598
swirling,13.42346847018825
oiliness,16.831445538835784
clothing,10.4311202946185
quenching,14.78309458422598
lace,11.92692690410068
quenching,14.78309458422598
dry,9.808177372731803
straight,9.115030192171858
silver,9.647296147175718
mallet,13.815510557964274
world,7.161358037781056
favours,13.078346491987556
punch,10.77576139899351
approaching,11.120883377194204
wash,10.455135170822372
suggested,9.946395053547404
pack,9.993412260064115
cast,9.693226627052931
tells,9.716178454231134
asked,8.517193191416238
end,7.643809960553359
wanting,10.384754374060574
desires,11.493122837674049
care,7.921107723699423
ritual,11.464135300800796
ritualise,19.92720304186209
feel,7.667042262046627
paying,9.78659380106463
borrow,11.512925464970229
feeling,8.910235779525845
meet,8.589763884251074
time,6.239925906406482
place,7.575234712793504
turn,8.473176305999463
sprawl,13.838779184903627
stage,8.979228651012797
trigger,10.936312100666235
itching,12.965359628594664
snip,14.18367988132874
clear,8.633727007672189
golden,9.969627355040672
overpowering,13.86155449646568
bullyboy,18.307352058645364
heads,9.969627355040672
climbing,11.235293728371948
joins,11.417615285165905
relish,13.078346491987556
rich,9.417364541410508
bristles,13.976853708373037
given,8.266434473069054
bedding,12.895227804820582
tired,9.877819805787553
fed,10.33735213516599
Planning,9.441012189711184
beat,9.190537744680004
retreat,11.21282087251989
novice,12.871604659057146
stresses,12.387594522153565
value,8.866750667586105
come,7.413593361237089
long,7.344711054181673
way,6.887952651685957
list,8.563237129917644
novice,12.871604659057146
things,7.505592279737757
before,7.0690984293909
sunk,12.110762465725848
find,7.461140517166924
way,6.887952651685957
ragbag,17.96325589691349
elements,9.901489549873457
bearing,11.006107862601777
equation,11.464135300800796
bowels,13.63318900117032
novice,12.871604659057146
threadbare,15.128554457344572
demand,9.57850969534065
mark,9.09701168666918
lingers,13.930921409475602
novice,12.871604659057146
beds,11.120883377194204
ticklish,14.69017961514761
close,8.381788554410035
Wall,9.115030192171858
forced,9.601902574915355
climbing,11.235293728371948
novices,13.953623860093908
feel,7.667042262046627
produces,11.074670534039074
short,8.449534542942423
great,7.183508780568644
deal,8.473176305999463
feel,7.667042262046627
overflow,12.91942253340764
picture,8.910235779525845
swagged,17.570529814582756
waving,12.089178894058676
ox-eye,12.761198528192743
grinding,11.651038767099864
retreat,11.21282087251989
goal,9.070578429601024
take,7.091678117143066
note,9.115030192171858
old,7.484008708070583
add,9.003326202591856
venerability,19.92720304186209
emerge,11.766528223769146
exercise,9.946395053547404
give,7.575234712793504
worth,8.8387768155437
turn,8.473176305999463
mood,10.501324553291749
dictate,12.480509491231937
vision,10.061311637729696
before,7.0690984293909
wants,8.656455258749745
get,6.260652036923599
tread,12.618562368575304
dreams,10.154516307339874
vital,10.637456727616328
part,7.413593361237089
going,7.045868581111772
going,7.045868581111772
gone,8.818298284200159
planned,9.923690259853648
market,8.542510999400527
depressed,11.190841965801114
comes,8.381788554410035
hammer,11.141361908537746
hand,8.266434473069054
long,7.344711054181673
guide,9.78659380106463
put,7.690827167070069
claims,9.533304258572604
help,7.484008708070583
bring,8.589763884251074
action,8.633727007672189
slow,9.5556515572646
market,8.542510999400527
says,8.082169281066529
overwhelmed,11.788678966556736
response,9.142681723502369
way,6.887952651685957
hammer,11.141361908537746
fallen,10.616837440413592
takes,8.79823072114935
place,7.575234712793504
explains,10.545941618780557
point,7.966185778017415
view,8.772085441045027
made,7.091678117143066
chains,11.258283246596648
feel,7.667042262046627
point,7.966185778017415
view,8.772085441045027
attractive,10.29209554357787
dreams,10.154516307339874
surveys,11.512925464970229
arranging,12.54856295447695
attracting,12.226275352847694
commit,10.752119635936468
proceed,11.100815814143395
far,8.059768344377362
between,7.437084374312687
hopes,10.592642711826535
arranging,12.54856295447695
able,8.220799178362435
pension-linked,11.399596779663224
surveys,11.512925464970229
staffing,12.594680636571915
says,8.082169281066529
arrange,11.512925464970229
there,6.194805471126012
then,6.750751530172472
hopes,10.592642711826535
advance,10.015537056344751
gauge,11.464135300800796
smooth,10.592642711826535
path,9.877819805787553
streamline,13.403400907137442
system,7.921107723699423
pointing,11.055500617931353
live,7.966185778017415
included,9.142681723502369
take,7.091678117143066
place,7.575234712793504
house-hunters,11.668410367810624
take,7.091678117143066
place,7.575234712793504
nearest,11.258283246596648
get,6.260652036923599
live,7.966185778017415
theatre,10.315977275581258
free,7.75872654473565
gets,8.633727007672189
going,7.045868581111772
undertakes,13.930921409475602
come,7.413593361237089
features,9.348453674105818
lot,7.806697372521679
market,8.542510999400527
protect,9.394263210137112
higher,8.79823072114935
passed,9.394263210137112
charge,9.161550207806751
successful,9.348453674105818
charged,10.085009429159518
entering,10.545941618780557
commission,9.417364541410508
about,5.987472525838444
charged,10.085009429159518
top,7.896616703691127
made,7.091678117143066
lose,9.028018815182229
go,6.840096630508322
prepared,9.808177372731803
take,7.091678117143066
setting,9.739669467306731
set,7.851931214345828
shown,9.441012189711184
high,7.484008708070583
made,7.091678117143066
get,6.260652036923599
centre,9.32575122348751
made,7.091678117143066
higher,8.79823072114935
turned,9.003326202591856
hand,8.266434473069054
drama,9.969627355040672
opposite,10.085009429159518
saw,8.426438828147774
fall,8.910235779525845
hammer,11.141361908537746
tough,9.739669467306731
market,8.542510999400527
get,6.260652036923599
bit,8.360189442606572
covering,10.476188580020208
Crossed,10.70644959910328
lines,9.32575122348751
track,9.161550207806751
Sleek,13.031609014135864
gentle,11.120883377194204
form,8.497390564120058
exert,12.986958740398126
slither,14.89726572956596
brush,10.982297213908058
forms,9.832097556449456
orange-liveried,16.487711106172785
run,8.082169281066529
rhythmic,12.91942253340764
get,6.260652036923599
new-wave,10.109282465515724
Destined,11.995811720046978
run,8.082169281066529
relieve,12.042254560300778
congestion,12.29599735305816
help,7.484008708070583
reduce,9.832097556449456
levels,9.279690450110976
satellite,10.752119635936468
working,8.17360348702616
venerable,13.194934070239164
image,9.348453674105818
mournful,14.437267742437546
body,8.29005761883249
growling,13.884860636099068
stuck,9.946395053547404
mind,8.266434473069054
held,8.656455258749745
bright,10.109282465515724
blocked,10.799975657114103
bulbous,14.598582446052207
lumpen,16.486264974322786
canyonlike,19.92720304186209
picked,9.854697388366697
spider,10.936312100666235
web,9.808177372731803
inflexible,14.069113316763191
operation,9.394263210137112
plays,9.57850969534065
role,8.8387768155437
keeping,9.57850969534065
generation,9.624341811106634
went,8.059768344377362
leading,9.210340371976182
fought,10.384754374060574
handsome,11.006107862601777
half-century,9.506054616125228
Assuming,10.982297213908058
burns,10.959040351743791
free,7.75872654473565
Standing,9.533304258572604
slight,11.006107862601777
hard,7.989510450583824
far,8.059768344377362
greater,9.441012189711184
design,8.818298284200159
operate,10.362353437371407
maintain,10.015537056344751
generation,9.624341811106634
share,8.752915524937308
impressions,12.180404898781596
show,7.643809960553359
flat-faced,10.850237491894992
light,8.449534542942423
toylike,19.92720304186209
consider,9.233608998915535
millipedes,16.187445729093113
serve,9.5556515572646
make,6.725433722188183
fresh,9.601902574915355
start,7.921107723699423
alone,8.8387768155437
considering,10.03816245586273
new-generation,9.661325995386155
dynamic,10.799975657114103
form,8.497390564120058
predecessors,12.45710140033392
means,8.198739460297702
hybrid,11.258283246596648
slip,10.86582222291169
serving,10.085009429159518
head,8.034767042171945
mix,9.877819805787553
low-cost,9.25220457607488
ageing,12.803909646285794
fleet,10.752119635936468
rasping,15.450266278382664
change,7.966185778017415
accompaniment,13.308692955595822
voluminous,14.18367988132874
clouds,11.141361908537746
blessing,11.37316352259507
perform,9.993412260064115
spread,9.647296147175718
use,7.344711054181673
heart,8.497390564120058
associated,9.4639431307751
take,7.091678117143066
preserve,11.074670534039074
air,8.360189442606572
pervades,14.89726572956596
market,8.542510999400527
looking,7.896616703691127
lies,9.832097556449456
make,6.725433722188183
running,8.679712120914012
courses,10.455135170822372
about,5.987472525838444
long,7.344711054181673
couple,8.772085441045027
advance,10.015537056344751
great,7.183508780568644
run,8.082169281066529
look,7.344711054181673
stretch,10.70644959910328
make,6.725433722188183
starting,9.053336623166516
point,7.966185778017415
changed,9.053336623166516
hands,8.8387768155437
run,8.082169281066529
full,7.966185778017415
deep,9.09701168666918
greeted,12.29599735305816
querulously,19.92720304186209
led,8.955698153602603
back,6.812445099177812
pale,11.330603908176274
commemorate,12.68733946705462
gave,8.633727007672189
Great,7.183508780568644
followed,9.09701168666918
deeply,10.501324553291749
moving,9.161550207806751
sets,9.923690259853648
tone,10.384754374060574
seen,8.01339218258721
rich,9.417364541410508
make,6.725433722188183
gentle,11.120883377194204
flooding,11.58227554310502
finest,11.169335760580152
image,9.348453674105818
lost,8.314252347419547
gently,11.330603908176274
Here,6.977105357116931
stand,8.88825687280707
unruly,13.63318900117032
Here,6.977105357116931
cool,8.866750667586105
three-course,8.573763542904631
small,8.034767042171945
sweeps,13.031609014135864
goggle-eyed,15.158745429623718
come,7.413593361237089
casting,11.169335760580152
small,8.034767042171945
prayer,10.545941618780557
cathedral,11.536194091909582
dominated,11.100815814143395
cacophony,14.714452651503816
dark,9.115030192171858
powerful,9.5556515572646
stands,10.109282465515724
suggest,9.78659380106463
sits,11.100815814143395
spent,9.161550207806751
free,7.75872654473565
forgot,10.061311637729696
challenge,9.48609387356269
rose,9.624341811106634
gone,8.818298284200159
mischief,12.986958740398126
heroic,11.881094788334696
monumental,12.664938530365454
creation,10.223692816693468
great,7.183508780568644
vital,10.637456727616328
fullest,12.710253726577497
field,8.656455258749745
wheeled,12.986958740398126
Power,8.01339218258721
make,6.725433722188183
taking,8.314252347419547
strong,8.703522769607732
brilliant,10.245977861482904
move,8.403864506109235
opened,9.5556515572646
conducted,10.177924398237888
survey,9.923690259853648
find,7.461140517166924
considered,9.028018815182229
placed,9.5556515572646
evolved,11.305911295585902
humanised,17.017037744497863
upturned,14.620707242332845
table,9.09701168666918
appearance,9.923690259853648
gather,10.959040351743791
slender,12.45710140033392
great,7.183508780568644
power,8.01339218258721
faced,10.384754374060574
monumental,12.664938530365454
strong,8.703522769607732
cathedrals,13.999433396125202
sound,8.866750667586105
capable,10.109282465515724
encouraged,10.77576139899351
began,9.053336623166516
home,7.344711054181673
candidate,9.993412260064115
submitted,10.77576139899351
included,9.142681723502369
ready,8.563237129917644
accept,9.5556515572646
approach,9.371683522384943
Movement,9.279690450110976
way,6.887952651685957
thing,7.55211229537265
Rule,9.348453674105818
force,8.679712120914012
respond,10.29209554357787
capacity,9.877819805787553
boldly,13.168407315905736
centre,9.32575122348751
praised,11.464135300800796
stood,10.199201796685172
asking,9.302455660883988
pointing,11.055500617931353
deserved,11.190841965801114
declines,12.594680636571915
full,7.966185778017415
eyes,8.72791422273189
driving,9.441012189711184
astronomical,12.68733946705462
assessment,10.455135170822372
temple,10.476188580020208
power,8.01339218258721
system,7.921107723699423
towering,13.23889719366028
stemmed,13.333084408719982
forces,9.25638431047759
reaction,9.832097556449456
change,7.966185778017415
here,6.977105357116931
squares,12.1346826494435
Misunderstood,12.41186755850977
maintains,11.605040753878034
way,6.887952651685957
hits,10.015537056344751
take,7.091678117143066
got,7.114779448416464
midway,12.226275352847694
solitary,12.1346826494435
plot,10.177924398237888
plot,10.177924398237888
turning,9.877819805787553
Aled,15.519259149869615
types,9.5556515572646
Reeds,13.76672039379484
get,6.260652036923599
way,6.887952651685957
take,7.091678117143066
star,8.772085441045027
pick,9.028018815182229
hit,8.360189442606572
hit,8.360189442606572
matches,10.154516307339874
Price,8.679712120914012
give,7.575234712793504
stick,9.76372561016097
knife,10.5690195660631
back,6.812445099177812
reckon,12.066310703155017
come,7.413593361237089
end,7.643809960553359
road,8.656455258749745
justification,11.904487667909402
based,8.034767042171945
pledges,12.91942253340764
duller,15.081358766008298
uncover,12.710253726577497
subject,9.302455660883988
recall,10.592642711826535
live,7.966185778017415
comes,8.381788554410035
subjects,10.637456727616328
parasitic,13.194934070239164
unexposed,16.022785471153995
extensive,10.384754374060574
worlds,10.982297213908058
accounts,9.832097556449456
terribly,11.719949634404555
counts,10.86582222291169
fusion,11.464135300800796
elements,9.901489549873457
pioneering,12.571355964005509
turn,8.473176305999463
picture,8.910235779525845
Cruising,12.618562368575304
emblems,13.838779184903627
rebellion,11.651038767099864
rate,8.88825687280707
invites,12.180404898781596
regard,10.68437364740408
light,8.449534542942423
nudging,14.759686493327964
voice,9.053336623166516
contrast,10.455135170822372
soupy,15.47099240889978
assume,10.199201796685172
decorated,11.651038767099864
turn-of-the-century,9.574183805393528
fallin',14.2759599744052
honey,10.66277453560062
give,7.575234712793504
turtle-dovin',19.92720304186209
shot,8.703522769607732
dart,12.618562368575304
shot,8.703522769607732
heart,8.497390564120058
vague,11.812680118656278
underline,13.86155449646568
punctuate,15.33419410712991
aspects,10.362353437371407
fails,10.914088963881523
pass,9.09701168666918
muster,12.848526711774602
Capital,9.190537744680004
Gold,8.818298284200159
appeal,9.969627355040672
comes,8.381788554410035
dull,11.651038767099864
camouflage,12.848526711774602
failures,11.536194091909582
manufactured,11.21282087251989
eye,9.161550207806751
High,7.484008708070583
name,7.806697372521679
predecessors,12.45710140033392
fail,10.109282465515724
aspects,10.362353437371407
exploring,11.37316352259507
true,8.29005761883249
performance,8.8387768155437
release,9.003326202591856
suggests,10.384754374060574
wane,14.207072760903449
move,8.403864506109235
illustrated,11.120883377194204
turn,8.473176305999463
elements,9.901489549873457
approach,9.371683522384943
impact,9.394263210137112
brilliantly,12.75772026381642
reaction,9.832097556449456
died,8.752915524937308
DE-FROCKING,19.92720304186209
witnessed,11.417615285165905
attitudes,11.493122837674049
area,8.152550077828328
rich,9.417364541410508
market,8.542510999400527
witnessed,11.417615285165905
terrain,11.651038767099864
moved,9.190537744680004
found,7.643809960553359
ways,9.070578429601024
content,9.210340371976182
unstable,11.812680118656278
status,9.510095025662231
dramatic,10.5690195660631
far,8.059768344377362
risen,11.83588935156665
over,6.725433722188183
broke,9.5556515572646
enormous,10.936312100666235
rise,9.647296147175718
tandem,12.594680636571915
increased,9.417364541410508
response,9.142681723502369
blend,11.628336316481557
naive,12.089178894058676
content,9.210340371976182
wave,10.085009429159518
arose,12.1346826494435
led,8.955698153602603
ran,9.510095025662231
spirit,9.693226627052931
blitz,12.501786889679218
emerged,11.141361908537746
devotee,13.976853708373037
based,8.034767042171945
mythical,12.803909646285794
focused,10.015537056344751
tragic,11.330603908176274
come,7.413593361237089
dominate,11.812680118656278
responses,10.845096092394574
helped,9.48609387356269
deal,8.473176305999463
audiences,11.464135300800796
allows,9.969627355040672
access,9.09701168666918
draw,9.647296147175718
parallels,12.501786889679218
appeal,9.969627355040672
made,7.091678117143066
generated,10.72902392114182
icon,11.141361908537746
long,7.344711054181673
status,9.510095025662231
tragic,11.330603908176274
vibrant,12.272212448034718
drive,8.910235779525845
image,9.348453674105818
formal,10.476188580020208
language,8.979228651012797
graced,13.838779184903627
transposed,14.851148047470996
balanced,11.100815814143395
segments,11.558969403471636
piece,9.115030192171858
far,8.059768344377362
models,9.808177372731803
way,6.887952651685957
level,8.266434473069054
served,9.647296147175718
broken,9.48609387356269
model,8.910235779525845
seen,8.01339218258721
wider,10.959040351743791
set,7.851931214345828
struggling,10.752119635936468
stressed,11.100815814143395
facets,13.21667405687557
shared,9.946395053547404
emphasis,11.074670534039074
encapsulisation,19.92720304186209
stereotypical,13.42346847018825
images,9.78659380106463
canvas,11.605040753878034
art,8.542510999400527
line,8.082169281066529
hard,7.989510450583824
draw,9.647296147175718
grew,9.923690259853648
challenging,10.89234897724512
appropriate,9.969627355040672
Mask,10.799975657114103
throws,11.330603908176274
reading,8.88825687280707
revealing,11.58227554310502
inner,10.362353437371407
mask,10.799975657114103
fall,8.910235779525845
ritual,11.464135300800796
features,9.348453674105818
mask,10.799975657114103
uncovers,14.18367988132874
appropriation,12.91942253340764
constructed,10.845096092394574
image,9.348453674105818
poor,9.003326202591856
cabbages,14.714452651503816
naked,10.52338427135648
impossibility,13.72020037815995
stemmed,13.333084408719982
recognise,11.696848303131157
attractiveness,13.23889719366028
choosing,10.914088963881523
powerful,9.5556515572646
icon,11.141361908537746
closest,11.030499315725937
forms,9.832097556449456
surrounding,10.384754374060574
directed,10.131643645673885
led,8.955698153602603
adoption,11.120883377194204
image,9.348453674105818
hybrid,11.258283246596648
convey,11.904487667909402
represents,10.40766863358345
aspect,10.5690195660631
indigenous,11.141361908537746
unbowed,16.34876746869332
rule,9.348453674105818
adoption,11.120883377194204
attractive,10.29209554357787
disguise,12.157282481360742
saw,8.426438828147774
asserted,12.45710140033392
position,8.72791422273189
powerful,9.5556515572646
mix,9.877819805787553
role,8.8387768155437
come,7.413593361237089
dominate,11.812680118656278
movement,9.279690450110976
evolved,11.305911295585902
illustrates,12.363896730723742
nature,9.25638431047759
reveal,10.52338427135648
site,8.703522769607732
mirror,10.4311202946185
Fine,8.679712120914012
formal,10.476188580020208
language,8.979228651012797
adoption,11.120883377194204
non-fine,9.306851272357026
reveals,10.72902392114182
nature,9.25638431047759
high,7.484008708070583
remove,9.877819805787553
context,10.061311637729696
stress,9.832097556449456
dismissed,11.055500617931353
tactic,12.180404898781596
operating,9.78659380106463
way,6.887952651685957
dislocation,14.115265211650325
led,8.955698153602603
decoration,11.92692690410068
defusing,15.33419410712991
part,7.413593361237089
ribbon,11.949881240169764
bomb,10.131643645673885
ribbon,11.949881240169764
runs,9.57850969534065
direct,9.417364541410508
tragic,11.330603908176274
indictment,12.2040746428675
culture,9.142681723502369
destroyed,10.109282465515724
nature,9.25638431047759
values,9.969627355040672
identified,10.061311637729696
falls,10.061311637729696
world,7.161358037781056
inhabited,12.618562368575304
harsh,11.190841965801114
bloodspattered,19.92720304186209
stare,11.719949634404555
knowingly,12.664938530365454
sacrifice,10.845096092394574
alienated,13.14768118538862
culture,9.142681723502369
thrust,11.83588935156665
leaps,12.986958740398126
world,7.161358037781056
Fair,9.233608998915535
saw,8.426438828147774
discover,10.616837440413592
turn,8.473176305999463
revealed,10.015537056344751
come,7.413593361237089
source,8.866750667586105
level,8.266434473069054
deals,10.154516307339874
power,8.01339218258721
derives,12.848526711774602
strengths,11.904487667909402
weaknesses,11.973374881411152
values,9.969627355040672
weak,9.993412260064115
control,8.29005761883249
strong,8.703522769607732
powerful,9.5556515572646
socialised,15.49751916323321
opened,9.5556515572646
instruments,10.77576139899351
technologized,19.92720304186209
wounded,10.77576139899351
organs,11.512925464970229
displayed,11.100815814143395
outside,8.633727007672189
world,7.161358037781056
inner,10.362353437371407
controlled,10.154516307339874
far,8.059768344377362
marks,10.384754374060574
returning,10.384754374060574
injured,10.33735213516599
defiled,14.620707242332845
colonised,14.921147461569348
Labyrinth,13.102560750108148
Descended,12.110762465725848
mother,8.656455258749745
symbolic,11.83588935156665
wider,10.959040351743791
sense,8.772085441045027
trauma,11.190841965801114
Driven,10.26877087101146
loss,9.053336623166516
simple,9.028018815182229
mother,8.656455258749745
culture,9.142681723502369
Mother,8.656455258749745
opened,9.5556515572646
violated,11.719949634404555
female,9.210340371976182
possessed,11.858236650258643
misused,13.70218187265727
masculine,12.180404898781596
force,8.679712120914012
raped,11.330603908176274
abused,11.512925464970229
bearing,11.006107862601777
bastard,11.766528223769146
child,8.517193191416238
opposes,12.986958740398126
trauma,11.190841965801114
asserts,12.940041820610372
resistance,10.245977861482904
demonstrates,11.83588935156665
adventurous,12.710253726577497
mixing,11.258283246596648
produce,9.716178454231134
culture,9.142681723502369
level,8.266434473069054
coda,14.413347558719895
shows,8.679712120914012
poised,12.825969364350524
fertility,12.01876354722518
Interwoven,14.25246633316381
metaphorical,13.584398837000888
borderlines,16.555051426157856
separate,9.601902574915355
culture,9.142681723502369
juxtapositions,15.911081481573994
female,9.210340371976182
masculine,12.180404898781596
fine,8.679712120914012
position,8.72791422273189
links,9.854697388366697
south,8.29005761883249
tonally,15.705986000131489
blending,12.803909646285794
north,8.426438828147774
suggests,10.384754374060574
conflict,10.03816245586273
gone,8.818298284200159
banished,12.91942253340764
values,9.969627355040672
reign,11.355921716160564
harshly,13.194934070239164
refer,10.476188580020208
dealing,10.131643645673885
peeling,13.261625444737836
humorous,12.434228738667928
presents,10.5690195660631
bleak,12.825969364350524
mechanism,10.89234897724512
literally,9.417364541410508
scene,9.279690450110976
flutters,15.24262691360442
vibrant,12.272212448034718
suggestion,10.982297213908058
loss,9.053336623166516
Dislocated,13.74785190949046
context,10.061311637729696
hangs,12.2040746428675
piñata,14.82886300268156
teeming,13.953623860093908
streets,9.993412260064115
city,7.806697372521679
decorative,11.973374881411152
potentially,10.616837440413592
explosive,11.58227554310502
there,6.194805471126012
values,9.969627355040672
represents,10.40766863358345
given,8.266434473069054
search,9.302455660883988
confines,13.261625444737836
silent,10.476188580020208
missing,9.09701168666918
peeling,13.261625444737836
hollow,11.628336316481557
polemical,14.989924560048664
inverted,12.848526711774602
gloss,12.733705387612543
decorative,11.973374881411152
colourful,12.54856295447695
pretty,8.334871634622283
individualistic,14.413347558719895
clothed,13.21667405687557
lost,8.314252347419547
function,9.716178454231134
icon,11.141361908537746
obscured,13.308692955595822
redress,13.471920853574195
Jackboots,16.762452667348832
serge,13.308692955595822
point,7.966185778017415
back,6.812445099177812
past,8.381788554410035
running,8.679712120914012
take,7.091678117143066
part,7.413593361237089
Make,6.725433722188183
felt,8.910235779525845
bitter,11.030499315725937
part,7.413593361237089
account,8.72791422273189
made,7.091678117143066
crawl,12.042254560300778
arrange,11.512925464970229
account,8.72791422273189
gave,8.633727007672189
assumed,10.616837440413592
bluffing,14.368895796149062
bullying,11.58227554310502
links,9.854697388366697
deep,9.09701168666918
shrug,13.122363377404328
bring,8.589763884251074
matched,11.493122837674049
hint,11.355921716160564
jackboot,16.923292335326888
blue,8.910235779525845
serge,13.308692955595822
dug,11.83588935156665
away,7.782424336165473
keep,7.690827167070069
case,7.943392768488859
alive,9.76372561016097
give,7.575234712793504
blankness,16.671480889143105
dissolve,12.68733946705462
let,7.829058552679836
damaged,10.616837440413592
surface,9.601902574915355
pays,10.914088963881523
tribute,10.936312100666235
loss,9.053336623166516
fight,8.679712120914012
expresses,12.41186755850977
way,6.887952651685957
cheated,11.74359728270523
change,7.966185778017415
dramatically,11.628336316481557
feel,7.667042262046627
change,7.966185778017415
cut,8.656455258749745
deep,9.09701168666918
conscience,11.605040753878034
parallel,10.89234897724512
end,7.643809960553359
drew,10.455135170822372
coming,8.29005761883249
spent,9.161550207806751
get,6.260652036923599
system,7.921107723699423
shine,11.120883377194204
light,8.449534542942423
dirty,10.245977861482904
corners,11.37316352259507
dug,11.83588935156665
area,8.152550077828328
reckoned,13.21667405687557
went,8.059768344377362
battle,9.348453674105818
break,8.79823072114935
grip,11.258283246596648
operating,9.78659380106463
framework,10.845096092394574
sets,9.923690259853648
compass,12.110762465725848
long,7.344711054181673
way,6.887952651685957
exchanges,11.628336316481557
over,6.725433722188183
System,7.921107723699423
Community,8.426438828147774
meeting,8.866750667586105
bothered,11.605040753878034
steps,9.832097556449456
forming,11.030499315725937
display,10.061311637729696
astute,13.584398837000888
way,6.887952651685957
moving,9.161550207806751
movements,10.70644959910328
come,7.413593361237089
grips,12.733705387612543
divide,11.235293728371948
blocks,10.52338427135648
based,8.034767042171945
block,9.48609387356269
based,8.034767042171945
free,7.75872654473565
unit,9.32575122348751
tigers,11.169335760580152
centre,9.32575122348751
State,7.413593361237089
maintains,11.605040753878034
strong,8.703522769607732
stake,11.169335760580152
forum,10.637456727616328
asked,8.517193191416238
top,7.896616703691127
Community,8.426438828147774
rudely,14.069113316763191
talked,10.085009429159518
free,7.75872654473565
worlds,10.982297213908058
high-technology,9.200390041123017
making,7.966185778017415
bid,10.592642711826535
turned,9.003326202591856
mimic,12.68733946705462
role,8.8387768155437
steps,9.832097556449456
taken,8.449534542942423
conduct,10.315977275581258
flows,11.190841965801114
plainly,12.940041820610372
views,9.601902574915355
noted,9.923690259853648
grow,9.441012189711184
puny,14.2759599744052
bury,11.766528223769146
reservations,11.995811720046978
high,7.484008708070583
growth,9.142681723502369
partners,10.223692816693468
tigers,11.169335760580152
mature,10.86582222291169
dynamic,10.799975657114103
decide,9.716178454231134
face,8.17360348702616
caught,9.441012189711184
Heading,10.40766863358345
QUESTION,8.403864506109235
partner,9.57850969534065
underlined,13.584398837000888
headed,10.245977861482904
trying,8.128535201624453
raising,10.52338427135648
ceiling,11.100815814143395
put,7.690827167070069
hold,8.772085441045027
sought,10.384754374060574
ceiling,11.100815814143395
lead,8.752915524937308
higher,8.79823072114935
exercise,9.946395053547404
extending,11.417615285165905
bogged,13.838779184903627
attach,12.089178894058676
stalemate,13.72020037815995
forced,9.601902574915355
forced,9.601902574915355
suspend,12.24898014654145
bonds,10.89234897724512
state,7.413593361237089
market,8.542510999400527
sensitive,10.455135170822372
taken,8.449534542942423
place,7.575234712793504
spar,13.675748615589116
mark,9.09701168666918
contained,10.476188580020208
cuts,10.545941618780557
face,8.17360348702616
automatic,10.68437364740408
cuts,10.545941618780557
reduction,10.616837440413592
changed,9.053336623166516
thicket,14.52886044584174
inpenetrable,19.92720304186209
disguise,12.157282481360742
crisis,10.085009429159518
surrounding,10.384754374060574
pull,9.624341811106634
fleet,10.752119635936468
float,11.651038767099864
up to,6.0968250627658085
clear,8.633727007672189
further,8.497390564120058
flotation,13.515405965513937
plans,9.190537744680004
turning,9.877819805787553
deaf,11.536194091909582
ears,10.68437364740408
conceded,12.363896730723742
plant,9.4639431307751
included,9.142681723502369
float,11.651038767099864
support,7.989510450583824
leaves,9.693226627052931
handling,10.616837440413592
swallow,11.812680118656278
pull,9.624341811106634
plant,9.4639431307751
float,11.651038767099864
shows,8.679712120914012
prepared,9.808177372731803
put,7.690827167070069
element,10.455135170822372
coping,12.2040746428675
stone,9.670789788417109
flotation,13.515405965513937
plans,9.190537744680004
based,8.034767042171945
Power,8.01339218258721
given,8.266434473069054
give,7.575234712793504
mix,9.877819805787553
power,8.01339218258721
operated,10.70644959910328
successor,11.536194091909582
Take,7.091678117143066
lose,9.028018815182229
plans,9.190537744680004
go,6.840096630508322
drawing,10.177924398237888
board,8.656455258749745
divided,10.4311202946185
wider,10.959040351743791
range,8.932708635377903
stimulate,12.272212448034718
sacrificing,12.803909646285794
biggest,9.371683522384943
stateowned,19.92720304186209
make,6.725433722188183
capital,9.190537744680004
run-up,8.202382451576204
way,6.887952651685957
left,7.782424336165473
come,7.413593361237089
assume,10.199201796685172
things,7.505592279737757
picture,8.910235779525845
emerged,11.141361908537746
makes,8.152550077828328
look,7.344711054181673
system,7.921107723699423
hopelessly,13.403400907137442
strain,11.169335760580152
strain,11.169335760580152
start,7.921107723699423
ill-equipped,11.176453228349017
avert,13.49342705879516
cope,11.417615285165905
struck,10.545941618780557
strain,11.169335760580152
pressures,11.719949634404555
puts,10.29209554357787
compromised,12.01876354722518
strain,11.169335760580152
senior,9.394263210137112
heads,9.969627355040672
training,8.79823072114935
bulk,11.074670534039074
placed,9.5556515572646
knowingly,12.664938530365454
permitted,11.21282087251989
things,7.505592279737757
nailed,12.042254560300778
greatest,9.693226627052931
villain,11.788678966556736
system,7.921107723699423
desperately,11.558969403471636
competitive,10.199201796685172
climate,9.877819805787553
bright,10.109282465515724
go,6.840096630508322
road,8.656455258749745
pick,9.028018815182229
kinder,13.122363377404328
ran,9.510095025662231
narrow,10.616837440413592
inbred,14.046182375699276
culture,9.142681723502369
training,8.79823072114935
dimensions,11.399596779663224
symbolised,15.222007626401684
cut,8.656455258749745
stand,8.88825687280707
way,6.887952651685957
side,8.059768344377362
way,6.887952651685957
lifting,11.37316352259507
standards,9.716178454231134
giving,8.866750667586105
training,8.79823072114935
breaks,10.455135170822372
lifts,12.066310703155017
together,8.152550077828328
far,8.059768344377362
exceed,11.696848303131157
means,8.198739460297702
clear,8.633727007672189
come,7.413593361237089
penitent,14.78309458422598
fixes,12.45710140033392
format,10.4311202946185
work,6.999870567889943
attests,14.873941056999552
reflect,10.616837440413592
farsighted,15.660670803919444
living,8.517193191416238
hand,8.266434473069054
mouth,9.601902574915355
compounds,11.536194091909582
sets,9.923690259853648
fail,10.109282465515724
reflect,10.616837440413592
value,8.866750667586105
gets,8.633727007672189
system,7.921107723699423
run,8.082169281066529
shift,10.199201796685172
demonstrates,11.83588935156665
sad,9.57850969534065
reflected,11.235293728371948
sombre,14.18367988132874
made,7.091678117143066
road,8.656455258749745
relief,10.245977861482904
tightened,13.14768118538862
facing,10.362353437371407
biggest,9.371683522384943
crisis,10.085009429159518
came,8.059768344377362
put,7.690827167070069
gone,8.818298284200159
shambles,13.560868339590693
separate,9.601902574915355
machinery,11.464135300800796
accused,10.455135170822372
posturing,14.046182375699276
pretending,11.37316352259507
run,8.082169281066529
keep,7.690827167070069
open,8.105083540589405
two-way,7.480456306466215
links,9.854697388366697
move,8.403864506109235
signalled,14.09126405955078
true,8.29005761883249
response,9.142681723502369
suspended,10.77576139899351
posturing,14.046182375699276
pretending,11.37316352259507
went,8.059768344377362
far,8.059768344377362
putting,9.533304258572604
take,7.091678117143066
flak,13.675748615589116
direct,9.417364541410508
critical,9.601902574915355
limit,9.901489549873457
compared,9.394263210137112
introduction,10.315977275581258
higher,8.79823072114935
progressed,12.363896730723742
far,8.059768344377362
cover,9.028018815182229
crews,11.766528223769146
able,8.220799178362435
severe,10.223692816693468
crews,11.766528223769146
carry,9.4639431307751
calls,9.417364541410508
carried,9.739669467306731
separate,9.601902574915355
pursue,10.914088963881523
line,8.082169281066529
shown,9.441012189711184
ramshackle,15.128554457344572
machinery,11.464135300800796
bodies,9.923690259853648
make,6.725433722188183
allied,11.355921716160564
given,8.266434473069054
higher,8.79823072114935
noted,9.923690259853648
side,8.059768344377362
flexible,11.21282087251989
system,7.921107723699423
allow,9.190537744680004
spine,11.674268615378992
crisis,10.085009429159518
agenda,10.819778284410283
duck,11.030499315725937
avoid,9.510095025662231
Opening,9.348453674105818
closing,10.455135170822372
opening,9.348453674105818
things,7.505592279737757
hard,7.989510450583824
Headquarters,10.68437364740408
Centre,9.32575122348751
opened,9.5556515572646
stuff,8.88825687280707
open,8.105083540589405
whole,8.152550077828328
point,7.966185778017415
shares,10.131643645673885
determined,10.03816245586273
air,8.360189442606572
coda,14.413347558719895
scrapped,12.639937228160036
make,6.725433722188183
contrasting,12.75772026381642
point,7.966185778017415
waste,9.647296147175718
touched,10.819778284410283
base,9.09701168666918
symbol,10.799975657114103
power,8.01339218258721
failure,9.854697388366697
failure,9.854697388366697
decide,9.716178454231134
play,7.806697372521679
game,7.55211229537265
break,8.79823072114935
rules,9.070578429601024
tactics,11.120883377194204
mixture,11.100815814143395
clear,8.633727007672189
message,9.210340371976182
communicated,12.594680636571915
standing,9.533304258572604
left,7.782424336165473
before,7.0690984293909
claims,9.533304258572604
gave,8.633727007672189
limit,9.901489549873457
movement,9.279690450110976
denies,12.1346826494435
published,9.053336623166516
suggesting,10.936312100666235
tone,10.384754374060574
meek,13.078346491987556
appeasement,14.298396813041023
draws,11.281813744006842
reminds,11.006107862601777
assuring,13.537878821365997
prudent,12.871604659057146
flood,10.72902392114182
asserting,13.009034692097323
business,7.921107723699423
discussed,10.476188580020208
forum,10.637456727616328
expulsion,12.871604659057146
broad,10.29209554357787
safety,9.279690450110976
net,9.76372561016097
extend,10.72902392114182
feel,7.667042262046627
urged,11.493122837674049
think,6.725433722188183
lay,10.03816245586273
give,7.575234712793504
position,8.72791422273189
emphasised,13.403400907137442
commonsense,14.620707242332845
exercising,12.1346826494435
laid,10.223692816693468
section,9.210340371976182
arose,12.1346826494435
laying,11.141361908537746
served,9.647296147175718
held,8.656455258749745
laying,11.141361908537746
appealed,11.904487667909402
Section,9.210340371976182
defines,11.83588935156665
envisages,15.081358766008298
system,7.921107723699423
power,8.01339218258721
try,8.059768344377362
secure,10.03816245586273
Action,8.633727007672189
initiated,11.536194091909582
service,8.082169281066529
remedial,13.63318900117032
obliged,12.042254560300778
make,6.725433722188183
made,7.091678117143066
get,6.260652036923599
put,7.690827167070069
given,8.266434473069054
arises,12.41186755850977
section,9.210340371976182
adapts,14.09126405955078
applies,10.982297213908058
make,6.725433722188183
serve,9.5556515572646
plainly,12.940041820610372
mean,7.989510450583824
lay,10.03816245586273
bring,8.589763884251074
putting,9.533304258572604
argued,10.68437364740408
system,7.921107723699423
entitled,10.33735213516599
designed,9.302455660883988
secure,10.03816245586273
interests,9.993412260064115
community,8.426438828147774
turn,8.473176305999463
back,6.812445099177812
course,8.198739460297702
regular,9.32575122348751
lay,10.03816245586273
giving,8.866750667586105
came,8.059768344377362
reached,9.5556515572646
sense,8.772085441045027
given,8.266434473069054
launched,10.061311637729696
commonsense,14.620707242332845
area,8.152550077828328
given,8.266434473069054
entitled,10.33735213516599
giving,8.866750667586105
way,6.887952651685957
action,8.633727007672189
offices,10.40766863358345
saved,9.969627355040672
giving,8.866750667586105
react,11.141361908537746
exercise,9.946395053547404
give,7.575234712793504
fresh,9.601902574915355
enacting,13.560868339590693
placing,11.120883377194204
give,7.575234712793504
face,8.17360348702616
uphill,12.940041820610372
leg,9.993412260064115
beaten,11.030499315725937
side,8.059768344377362
team,7.667042262046627
looks,8.381788554410035
strong,8.703522769607732
paper,9.053336623166516
lost,8.314252347419547
hard,7.989510450583824
face,8.17360348702616
threat,10.131643645673885
look,7.344711054181673
face,8.17360348702616
uphill,12.940041820610372
struggle,10.085009429159518
tourists,11.37316352259507
team,7.667042262046627
beat,9.190537744680004
hard,7.989510450583824
keep,7.690827167070069
score,9.601902574915355
respectable,12.180404898781596
margins,11.881094788334696
set,7.851931214345828
predecessors,12.45710140033392
scraped,13.3580857109254
home,7.344711054181673
World,7.161358037781056
status,9.510095025662231
undermined,13.078346491987556
secure,10.03816245586273
fixtures,11.995811720046978
ignored,10.89234897724512
thing,7.55211229537265
denied,10.52338427135648
fixture,12.272212448034718
give,7.575234712793504
coach,9.302455660883988
look,7.344711054181673
wing,10.109282465515724
kept,9.210340371976182
form,8.497390564120058
powerful,9.5556515572646
tourists,11.37316352259507
part,7.413593361237089
boosted,12.710253726577497
feel,7.667042262046627
closer,9.832097556449456
home,7.344711054181673
facing,10.362353437371407
see,6.676643558018751
lock,10.33735213516599
squad,9.969627355040672
prop,12.042254560300778
looks,8.381788554410035
arise,11.674268615378992
win,8.314252347419547
loose,10.455135170822372
led,8.955698153602603
captain,9.4639431307751
capt,12.180404898781596
capt,12.180404898781596
Open,8.105083540589405
Space,8.679712120914012
endorsed,11.812680118656278
set,7.851931214345828
channel,9.5556515572646
ways,9.070578429601024
showing,9.48609387356269
members,8.403864506109235
opposite,10.085009429159518
opposite,10.085009429159518
members,8.403864506109235
enormous,10.936312100666235
gravity,11.030499315725937
pokes,13.999433396125202
powerful,9.5556515572646
group,7.896616703691127
powerless,12.68733946705462
world,7.161358037781056
see,6.676643558018751
expressed,10.315977275581258
light-hearted,12.069795027237626
man-hating,11.89126190569014
bitterness,12.778773673014252
given,8.266434473069054
stupid,9.348453674105818
consider,9.233608998915535
intelligent,10.845096092394574
creative,10.131643645673885
occupied,10.77576139899351
allows,9.969627355040672
making,7.966185778017415
forum,10.637456727616328
round,8.88825687280707
beaten,11.030499315725937
side,8.059768344377362
dropped,9.832097556449456
altogether,11.355921716160564
pulsating,14.0225347273986
shook,11.399596779663224
dream,9.417364541410508
throbbing,13.537878821365997
sunk,12.110762465725848
trace,11.074670534039074
flurries,15.289543833392171
held,8.656455258749745
line,8.082169281066529
damping,14.0225347273986
preparing,10.752119635936468
struck,10.545941618780557
recovering,11.881094788334696
situation,9.003326202591856
took,8.034767042171945
attack,9.003326202591856
fine,8.679712120914012
left-back,8.105083540589405
containing,10.52338427135648
floated,12.871604659057146
deep,9.09701168666918
predatory,12.91942253340764
hammered,12.825969364350524
attack,9.003326202591856
began,9.053336623166516
neat,11.536194091909582
sent,8.8387768155437
smother,14.160821743252692
shot,8.703522769607732
made,7.091678117143066
fine,8.679712120914012
rising,10.315977275581258
shot,8.703522769607732
pressing,11.330603908176274
clawed,14.138474444560694
careful,10.154516307339874
far,8.059768344377362
follow,8.88825687280707
scored,10.061311637729696
round,8.88825687280707
provider,11.281813744006842
clear,8.633727007672189
clattered,15.726053563182296
wall,9.115030192171858
drilled,12.639937228160036
shot,8.703522769607732
stitched,13.308692955595822
stuffed,11.605040753878034
defence,10.33735213516599
found,7.643809960553359
exploited,12.24898014654145
full,7.966185778017415
owing,12.1346826494435
debt,9.923690259853648
team,7.667042262046627
credit,9.210340371976182
full,7.966185778017415
team,7.667042262046627
brilliant,10.245977861482904
attitude,10.177924398237888
shows,8.679712120914012
took,8.034767042171945
chin,11.512925464970229
great,7.183508780568644
rattled,13.443947001531791
give,7.575234712793504
breathing,10.86582222291169
space,8.679712120914012
scored,10.061311637729696
great,7.183508780568644
walks,10.77576139899351
runs,9.57850969534065
Tailored,12.526277909687517
fit,9.32575122348751
assessing,12.110762465725848
assess,11.355921716160564
get,6.260652036923599
amounts,10.5690195660631
doctor,9.441012189711184
ask,8.426438828147774
patient,9.739669467306731
treatment,9.190537744680004
prescribe,12.91942253340764
patient,9.739669467306731
explain,9.4639431307751
problem,8.29005761883249
doctor,9.441012189711184
provides,9.670789788417109
remedy,11.92692690410068
met,9.003326202591856
blank,11.190841965801114
deep,9.09701168666918
tackled,13.009034692097323
gone,8.818298284200159
imposed,11.141361908537746
service,8.082169281066529
doctor,9.441012189711184
provides,9.670789788417109
patient,9.739669467306731
needs,8.360189442606572
prescribes,14.459867574354789
cure,10.77576139899351
broad,10.29209554357787
terms,8.979228651012797
great,7.183508780568644
familiar,10.109282465515724
helpful,10.52338427135648
come,7.413593361237089
thick,10.455135170822372
fast,8.910235779525845
great,7.183508780568644
raw,10.29209554357787
facility,10.131643645673885
deal,8.473176305999463
given,8.266434473069054
pig,11.190841965801114
deal,8.473176305999463
input,10.70644959910328
box,9.115030192171858
great,7.183508780568644
leap,11.651038767099864
forward,8.932708635377903
reach,9.348453674105818
stage,8.979228651012797
got,7.114779448416464
clue,11.100815814143395
thing,7.55211229537265
way,6.887952651685957
get,6.260652036923599
sees,10.154516307339874
channels,10.637456727616328
open,8.105083540589405
driven,10.26877087101146
meet,8.589763884251074
goes,8.703522769607732
distinct,10.845096092394574
phases,11.904487667909402
leading,9.210340371976182
sees,10.154516307339874
change,7.966185778017415
attitude,10.177924398237888
takes,8.79823072114935
place,7.575234712793504
forced,9.601902574915355
defensive,10.637456727616328
new,6.331141914678144
features,9.348453674105818
prohibitively,14.69017961514761
meant,9.348453674105818
work,6.999870567889943
design,8.818298284200159
planned,9.923690259853648
come,7.413593361237089
light,8.449534542942423
change,7.966185778017415
generation,9.624341811106634
languages,10.545941618780557
made,7.091678117143066
put,7.690827167070069
together,8.152550077828328
means,8.198739460297702
feedback,10.77576139899351
grow,9.441012189711184
built,9.053336623166516
arise,11.674268615378992
deep,9.09701168666918
use,7.344711054181673
team,7.667042262046627
maintain,10.015537056344751
focus,9.210340371976182
cuts,10.545941618780557
feeds,11.766528223769146
underlying,11.120883377194204
tell,7.989510450583824
successful,9.348453674105818
together,8.152550077828328
confident,10.52338427135648
group,7.896616703691127
said,6.887952651685957
confident,10.52338427135648
winning,9.25638431047759
joint,9.877819805787553
bid,10.592642711826535
battle,9.348453674105818
swung,12.733705387612543
formed,9.946395053547404
subject,9.302455660883988
aimed,10.936312100666235
overturning,14.18367988132874
allowing,10.085009429159518
proceed,11.100815814143395
poison,11.330603908176274
pill,11.445266816496414
defence,10.33735213516599
unveiled,12.066310703155017
hopes,10.592642711826535
block,9.48609387356269
able,8.220799178362435
muster,12.848526711774602
support,7.989510450583824
halt,11.674268615378992
bid,10.592642711826535
considered,9.028018815182229
put,7.690827167070069
says,8.082169281066529
impact,9.394263210137112
full,7.966185778017415
helped,9.48609387356269
boost,10.5690195660631
flowed,13.054704728930512
rose,9.624341811106634
group,7.896616703691127
raised,9.57850969534065
market,8.542510999400527
leader,9.32575122348751
power,8.01339218258721
contributed,10.616837440413592
growth,9.142681723502369
helped,9.48609387356269
group,7.896616703691127
suffering,10.29209554357787
cut,8.656455258749745
full,7.966185778017415
level,8.266434473069054
charges,9.946395053547404
stands,10.109282465515724
reach,9.348453674105818
full,7.966185778017415
rose,9.624341811106634
treads,14.138474444560694
warily,15.222007626401684
fallen,10.616837440413592
sharply,11.766528223769146
weak,9.993412260064115
call,8.034767042171945
move,8.403864506109235
plant,9.4639431307751
gives,9.142681723502369
poor,9.003326202591856
immediate,10.315977275581258
outlook,11.355921716160564
fell,9.5556515572646
severelyreduced,19.92720304186209
held,8.656455258749745
rise,9.647296147175718
about,5.987472525838444
up to,6.0968250627658085
making,7.966185778017415
crashed,11.417615285165905
covering,10.476188580020208
saw,8.426438828147774
rise,9.647296147175718
down,7.183508780568644
level,8.266434473069054
activities,9.417364541410508
boosted,12.710253726577497
rose,9.624341811106634
higher,8.79823072114935
rise,9.647296147175718
group,7.896616703691127
saw,8.426438828147774
crash,10.245977861482904
expecting,10.545941618780557
rose,9.624341811106634
posted,9.279690450110976
group,7.896616703691127
experienced,10.061311637729696
serious,8.979228651012797
disappointment,11.493122837674049
fell,9.5556515572646
markets,10.109282465515724
bid,10.592642711826535
led,8.955698153602603
jumped,10.936312100666235
ended,9.394263210137112
rise,9.647296147175718
rose,9.624341811106634
sympathy,11.493122837674049
prominent,10.752119635936468
shine,11.120883377194204
produced,9.510095025662231
release,9.003326202591856
portfolio,11.169335760580152
closed,9.441012189711184
net,9.76372561016097
shot,8.703522769607732
sympathy,11.493122837674049
feverishly,14.89726572956596
team,7.667042262046627
spooks,14.368895796149062
before,7.0690984293909
give,7.575234712793504
birth,9.739669467306731
pack,9.993412260064115
bags,10.52338427135648
waiting,9.070578429601024
take,7.091678117143066
father,8.611503870887478
dodged,13.537878821365997
mantle,12.387594522153565
fallen,10.616837440413592
young,8.220799178362435
shoulders,11.100815814143395
younger,9.923690259853648
teach,9.969627355040672
wore,10.845096092394574
mantle,12.387594522153565
retired,10.501324553291749
kept,9.210340371976182
regular,9.32575122348751
delivered,10.085009429159518
call,8.034767042171945
felled,14.138474444560694
stroke,10.89234897724512
took,8.034767042171945
master,9.371683522384943
note,9.115030192171858
pope,10.637456727616328
astounded,13.953623860093908
group,7.896616703691127
provoke,12.664938530365454
held,8.656455258749745
awarded,10.70644959910328
long,7.344711054181673
Apart,9.716178454231134
field,8.656455258749745
shared,9.946395053547404
asking,9.302455660883988
raise,9.78659380106463
came,8.059768344377362
said,6.887952651685957
present,8.79823072114935
present,8.79823072114935
Midwife,13.194934070239164
birth,9.739669467306731
unarmed,12.157282481360742
revolution,10.223692816693468
issued,9.832097556449456
underground,10.77576139899351
freedom,9.533304258572604
employed,10.545941618780557
strategy,9.808177372731803
objectives,11.330603908176274
campaign,9.210340371976182
severed,12.594680636571915
minimised,15.081358766008298
contact,9.233608998915535
points,8.679712120914012
bound,10.455135170822372
campaign,9.210340371976182
full,7.966185778017415
strikes,10.936312100666235
outer,10.936312100666235
layer,10.592642711826535
inner,10.362353437371407
mechanism,10.89234897724512
part,7.413593361237089
concentrated,11.605040753878034
construction,9.279690450110976
lifted,11.281813744006842
headway,13.72020037815995
made,7.091678117143066
expanding,11.120883377194204
home,7.344711054181673
encouraging,11.190841965801114
liberated,12.594680636571915
clashes,12.594680636571915
responding,11.355921716160564
live,7.966185778017415
gone,8.818298284200159
aspects,10.362353437371407
run,8.082169281066529
structure,9.57850969534065
diffuse,13.168407315905736
destroyed,10.109282465515724
sweep,11.58227554310502
allow,9.190537744680004
resistance,10.245977861482904
network,9.161550207806751
constitute,11.858236650258643
field,8.656455258749745
commanders,12.110762465725848
battle,9.348453674105818
constructing,12.45710140033392
rotating,12.042254560300778
acts,10.03816245586273
role,8.8387768155437
outlining,13.102560750108148
resistance,10.245977861482904
high,7.484008708070583
level,8.266434473069054
mobility,11.399596779663224
structure,9.57850969534065
allows,9.969627355040672
continuous,11.030499315725937
interchange,12.68733946705462
roles,10.501324553291749
retains,12.340747548856775
closeness,13.49342705879516
grass,10.637456727616328
roots,10.72902392114182
make,6.725433722188183
reflect,10.616837440413592
expanded,10.86582222291169
network,9.161550207806751
making,7.966185778017415
infused,12.940041820610372
belong,10.637456727616328
identify,10.223692816693468
exists,10.40766863358345
levels,9.279690450110976
movement,9.279690450110976
organic,10.592642711826535
pattern,10.223692816693468
Thrusts,14.229511997094724
resistance,10.245977861482904
come,7.413593361237089
crests,14.321348640219226
pattern,10.223692816693468
wide,9.302455660883988
relation,10.799975657114103
uni-directional,13.339276378967902
Harsh,11.190841965801114
measures,9.969627355040672
putting,9.533304258572604
continuous,11.030499315725937
employed,10.545941618780557
cutting,10.109282465515724
links,9.854697388366697
activate,12.066310703155017
eruption,12.618562368575304
knows,9.053336623166516
walking,9.533304258572604
minefield,13.999433396125202
wave-like,10.101938491259968
pattern,10.223692816693468
pains,11.881094788334696
sufferings,13.976853708373037
reminiscent,12.41186755850977
process,8.611503870887478
birth,9.739669467306731
regard,10.68437364740408
giving,8.866750667586105
birth,9.739669467306731
revolution,10.223692816693468
masses,11.651038767099864
mother,8.656455258749745
midwife,13.194934070239164
birth,9.739669467306731
midwife,13.194934070239164
freedom,9.533304258572604
struggling,10.752119635936468
shake,10.752119635936468
construct,11.558969403471636
struggle,10.085009429159518
reflects,11.258283246596648
revolution,10.223692816693468
consciousness,11.21282087251989
come,7.413593361237089
changed,9.053336623166516
looks,8.381788554410035
finds,10.109282465515724
construction,9.279690450110976
blocks,10.52338427135648
make,6.725433722188183
conscious,11.100815814143395
masses,11.651038767099864
craft,10.819778284410283
state-masonry,13.013508972492248
building,8.542510999400527
stages,10.52338427135648
covered,9.601902574915355
issued,9.832097556449456
landmark,11.766528223769146
road,8.656455258749745
lies,9.832097556449456
double,9.190537744680004
message,9.210340371976182
aim,10.33735213516599
struggle,10.085009429159518
regarded,10.845096092394574
expense,10.982297213908058
build,9.115030192171858
destroy,10.315977275581258
freedom,9.533304258572604
addressed,10.914088963881523
message,9.210340371976182
harm,10.4311202946185
unharmed,13.537878821365997
building,8.542510999400527
landmark,11.766528223769146
come,7.413593361237089
embark,12.895227804820582
step,8.910235779525845
declaring,11.92692690410068
setting,9.739669467306731
structure,9.57850969534065
direction,9.371683522384943
serve,9.5556515572646
consolidate,12.733705387612543
structures,10.40766863358345
developing,9.993412260064115
competing,11.006107862601777
replace,10.177924398237888
consolidate,12.733705387612543
image,9.348453674105818
essence,11.445266816496414
force,8.679712120914012
embark,12.895227804820582
step,8.910235779525845
immediately,9.25638431047759
challenge,9.48609387356269
challenge,9.48609387356269
conceived,11.812680118656278
image,9.348453674105818
challenges,10.384754374060574
challenge,9.48609387356269
summoning,13.65850680915461
natural,8.955698153602603
extension,10.455135170822372
strategy,9.808177372731803
disengagement,14.459867574354789
building,8.542510999400527
further,8.497390564120058
naturalise,17.800104256227254
evolving,12.042254560300778
skeletal,12.91942253340764
form,8.497390564120058
form,8.497390564120058
structure,9.57850969534065
maximise,13.584398837000888
tactics,11.120883377194204
resistance,10.245977861482904
defuse,14.09126405955078
natural,8.955698153602603
containing,10.52338427135648
marginal,12.180404898781596
put,7.690827167070069
spot,9.4639431307751
reaction,9.832097556449456
hostile,11.355921716160564
harmless,11.995811720046978
further,8.497390564120058
isolate,12.434228738667928
Half-way,8.492500578825865
measures,9.969627355040672
imply,11.904487667909402
half-way,8.492500578825865
imply,11.904487667909402
proceed,11.100815814143395
building,8.542510999400527
block,9.48609387356269
block,9.48609387356269
given,8.266434473069054
gift,9.716178454231134
regard,10.68437364740408
means,8.198739460297702
formal,10.476188580020208
range,8.932708635377903
borders,10.914088963881523
free,7.75872654473565
capacity,9.877819805787553
bring,8.589763884251074
whole,8.152550077828328
range,8.932708635377903
further,8.497390564120058
linkage,13.49342705879516
set,7.851931214345828
pyramid,12.089178894058676
structure,9.57850969534065
links,9.854697388366697
capacity,9.877819805787553
engaged,10.315977275581258
building,8.542510999400527
side,8.059768344377362
walls,10.085009429159518
roof,10.245977861482904
bring,8.589763884251074
walls,10.085009429159518
together,8.152550077828328
add,9.003326202591856
touch,9.417364541410508
home,7.344711054181673
leading,9.210340371976182
closed,9.441012189711184
movement,9.279690450110976
organic,10.592642711826535
nightmare,11.074670534039074
gambling,11.330603908176274
take,7.091678117143066
made,7.091678117143066
decision,9.003326202591856
account,8.72791422273189
burden,10.982297213908058
form,8.497390564120058
support,7.989510450583824
comfortable,9.993412260064115
saving,10.154516307339874
given,8.266434473069054
help,7.484008708070583
meant,9.348453674105818
make,6.725433722188183
home,7.344711054181673
earned,10.245977861482904
return,8.772085441045027
collapsed,11.696848303131157
about,5.987472525838444
came,8.059768344377362
put,7.690827167070069
short,8.449534542942423
failed,9.624341811106634
transferred,10.68437364740408
returns,10.131643645673885
followed,9.09701168666918
found,7.643809960553359
victims,10.223692816693468
crash,10.245977861482904
faced,10.384754374060574
shock,10.455135170822372
gave,8.633727007672189
security,8.752915524937308
responsible,9.48609387356269
community,8.426438828147774
allowed,9.142681723502369
felt,8.910235779525845
safe,9.053336623166516
feel,7.667042262046627
way,6.887952651685957
gambling,11.330603908176274
lost,8.314252347419547
gamble,11.995811720046978
found,7.643809960553359
ease,10.72902392114182
strain,11.169335760580152
avoid,9.510095025662231
gave,8.633727007672189
return,8.772085441045027
followed,9.09701168666918
see,6.676643558018751
stay,8.449534542942423
Putting,9.533304258572604
whole,8.152550077828328
encouraged,10.77576139899351
return,8.772085441045027
planned,9.923690259853648
felt,8.910235779525845
Pursuing,11.605040753878034
meant,9.348453674105818
left,7.782424336165473
feeling,8.910235779525845
formed,9.946395053547404
represent,10.177924398237888
co-ordinate,14.02746691988792
fight,8.679712120914012
blessing,11.37316352259507
talking,8.542510999400527
guided,11.37316352259507
victims,10.223692816693468
kept,9.210340371976182
together,8.152550077828328
aside,10.154516307339874
brought,8.8387768155437
crisis,10.085009429159518
winding,12.180404898781596
subject,9.302455660883988
tussle,14.666481823717788
take,7.091678117143066
around,7.437084374312687
find,7.461140517166924
position,8.72791422273189
gambler,13.471920853574195
gambled,14.39176398705272
lost,8.314252347419547
gamble,11.995811720046978
labouring,14.851148047470996
picking,10.501324553291749
go,6.840096630508322
ran,9.510095025662231
string,10.592642711826535
softly,12.042254560300778
hurling,13.49342705879516
flying,9.877819805787553
sitting,9.533304258572604
patch,11.055500617931353
contemptuous,14.64333264185082
used,7.368204695423061
grace,10.223692816693468
estate,9.624341811106634
cast,9.693226627052931
furiously,13.37725562703312
catch,9.510095025662231
grown,9.969627355040672
closed,9.441012189711184
now,6.495645628155304
then,6.750751530172472
stretch,10.70644959910328
odd,10.545941618780557
slithered,15.3809315849816
join,9.210340371976182
gazed,14.207072760903449
light,8.449534542942423
shifted,11.558969403471636
caught,9.441012189711184
stomach-turning,10.959040351743791
make,6.725433722188183
note,9.115030192171858
spot,9.4639431307751
closing,10.455135170822372
stages,10.52338427135648
taking,8.314252347419547
whining,12.54856295447695
perched,13.261625444737836
mosquito,12.41186755850977
filled,9.901489549873457
served,9.647296147175718
gulped,15.58746739989615
casting,11.169335760580152
sergeant,11.258283246596648
far,8.059768344377362
point,7.966185778017415
solicitor,12.226275352847694
firmly,11.512925464970229
assumed,10.616837440413592
wiry,14.94252232115408
edging,13.471920853574195
collect,10.66277453560062
queasiness,16.945917734844866
sergeant,11.258283246596648
leading,9.210340371976182
sergeant,11.258283246596648
sergeant,11.258283246596648
handles,11.858236650258643
reaching,10.455135170822372
reduced,10.03816245586273
sergeant,11.258283246596648
took,8.034767042171945
deep,9.09701168666918
sergeant,11.258283246596648
wake,9.76372561016097
mopped,15.060305356810463
shot,8.703522769607732
missed,9.601902574915355
occupied,10.77576139899351
back,6.812445099177812
sergeant,11.258283246596648
bent,11.536194091909582
long,7.344711054181673
sergeant,11.258283246596648
tough,9.739669467306731
sergeant,11.258283246596648
concede,12.710253726577497
point,7.966185778017415
taken,8.449534542942423
tell,7.989510450583824
sergeant,11.258283246596648
confirmed,9.969627355040672
lit,11.074670534039074
furiously,13.37725562703312
squad,9.969627355040672
long,7.344711054181673
keeping,9.57850969534065
highest,9.533304258572604
got,7.114779448416464
join,9.210340371976182
armed,10.154516307339874
repel,13.3580857109254
senior,9.394263210137112
armed,10.154516307339874
aim,10.33735213516599
quickly,9.210340371976182
well-connected,9.991226466844134
substantially,11.605040753878034
over-provided,9.248042239160194
catch,9.510095025662231
took,8.034767042171945
disentangle,15.49751916323321
things,7.505592279737757
go,6.840096630508322
fantastic,9.877819805787553
nose,10.33735213516599
joint,9.877819805787553
position,8.72791422273189
bit,8.360189442606572
qualified,10.455135170822372
felt,8.910235779525845
bit,8.360189442606572
reminding,12.1346826494435
irresistibly,14.921147461569348
Labrador,13.122363377404328
wondering,10.29209554357787
approach,9.371683522384943
acquaintance,12.54856295447695
see,6.676643558018751
plans,9.190537744680004
lean,11.190841965801114
feeling,8.910235779525845
enveloped,13.999433396125202
eiderdown,17.1765261499936
made,7.091678117143066
call,8.034767042171945
getting,7.896616703691127
order,8.082169281066529
embrace,11.141361908537746
threatening,11.074670534039074
over-balance,9.80999720944879
let,7.829058552679836
go,6.840096630508322
appeared,9.601902574915355
lurking,12.594680636571915
throwing,10.592642711826535
sharp,10.40766863358345
relief,10.245977861482904
patches,11.83588935156665
mean,7.989510450583824
clip,10.914088963881523
ankle,11.58227554310502
managing,10.592642711826535
feel,7.667042262046627
home,7.344711054181673
add,9.003326202591856
further,8.497390564120058
riders,11.536194091909582
felt,8.910235779525845
taking,8.314252347419547
cue,12.089178894058676
become,8.29005761883249
getting,7.896616703691127
assiduous,15.774505946568242
well,6.840096630508322
see,6.676643558018751
refugee,11.558969403471636
fixed,9.901489549873457
booked,11.399596779663224
admit,10.177924398237888
added,8.8387768155437
smartness,15.726053563182296
paw,12.710253726577497
made,7.091678117143066
see,6.676643558018751
get,6.260652036923599
foot,9.510095025662231
observed,10.616837440413592
open,8.105083540589405
using,8.128535201624453
bright,10.109282465515724
swept,11.651038767099864
make,6.725433722188183
huge,9.070578429601024
margin,10.89234897724512
smaller,9.670789788417109
turnover,12.01876354722518
punters,14.18367988132874
began,9.053336623166516
careful,10.154516307339874
ratios,12.363896730723742
output,10.52338427135648
quick,9.25638431047759
way,6.887952651685957
identifying,11.445266816496414
interspersed,13.584398837000888
descents,15.10649473927984
took,8.034767042171945
fancy,10.70644959910328
juggernaut,13.838779184903627
stores,10.061311637729696
taking,8.314252347419547
easily,9.417364541410508
hard,7.989510450583824
speed,9.210340371976182
planning,9.441012189711184
application,9.533304258572604
warmly,13.261625444737836
great,7.183508780568644
job,8.059768344377362
now,6.495645628155304
getting,7.896616703691127
planning,9.441012189711184
over-candid,12.78232607461862
over-emphatic,13.608496388579947
prod,13.23889719366028
there,6.194805471126012
farts,13.37725562703312
stopped,9.57850969534065
far,8.059768344377362
presentational,15.97833370858316
invoking,13.584398837000888
curse,11.355921716160564
get,6.260652036923599
job,8.059768344377362
sorting,12.41186755850977
thing,7.55211229537265
Bloody,10.86582222291169
pushing,10.501324553291749
rubbish,11.812680118656278
works,8.542510999400527
fix,9.78659380106463
winced,15.24262691360442
express,9.946395053547404
reservations,11.995811720046978
influence,9.716178454231134
bring,8.589763884251074
bear,9.877819805787553
smoothly,12.24898014654145
changed,9.053336623166516
subject,9.302455660883988
looks,8.381788554410035
model,8.910235779525845
bit,8.360189442606572
thin,10.4311202946185
side,8.059768344377362
mind,8.266434473069054
tasty,11.881094788334696
rest,8.679712120914012
passed,9.394263210137112
diversion,12.639937228160036
interspersed,13.584398837000888
turnover,12.01876354722518
far,8.059768344377362
distractions,12.778773673014252
offered,9.533304258572604
sense,8.772085441045027
getting,7.896616703691127
disaffected,14.39176398705272
smart,9.601902574915355
bright,10.109282465515724
lines,9.32575122348751
appearing,11.169335760580152
drawn,10.29209554357787
Rose,9.624341811106634
faded,12.1346826494435
fault,10.03816245586273
harm,10.4311202946185
leaving,9.25638431047759
thing,7.55211229537265
made,7.091678117143066
rise,9.647296147175718
blow,10.154516307339874
dealt,11.055500617931353
dazzling,12.91942253340764
will,5.871018394032115
stopped,9.57850969534065
unbecomingly,19.92720304186209
stridently,16.050437002484504
fooled,12.434228738667928
view,8.772085441045027
fooled,12.434228738667928
charmed,13.23889719366028
diverted,12.68733946705462
seen,8.01339218258721
share,8.752915524937308
considerable,10.936312100666235
estate,9.624341811106634
left,7.782424336165473
decent,10.592642711826535
down-setting,9.815476675213414
straightforwardness,16.41785030464437
tackled,13.009034692097323
lot,7.806697372521679
manage,10.26877087101146
see,6.676643558018751
get,6.260652036923599
determined,10.03816245586273
broke,9.5556515572646
across,8.633727007672189
shocked,10.89234897724512
glared,14.759686493327964
ungraceful,17.33887557360064
held,8.656455258749745
ground,8.866750667586105
letting,10.29209554357787
get,6.260652036923599
way,6.887952651685957
angry,9.993412260064115
comfort,10.5690195660631
fled,11.399596779663224
ruins,11.464135300800796
showing,9.48609387356269
ragged,13.37725562703312
dark,9.115030192171858
contrast,10.455135170822372
bright,10.109282465515724
packed,10.799975657114103
bursting,12.68733946705462
point,7.966185778017415
Come,7.413593361237089
defeated,11.120883377194204
volunteered,12.363896730723742
uncomfortably,13.815510557964274
Well,6.840096630508322
far,8.059768344377362
full,7.966185778017415
plans,9.190537744680004
Well,6.840096630508322
caught,9.441012189711184
eye,9.161550207806751
point-black,8.759264752615966
full,7.966185778017415
set-out,8.001380026139207
reception,10.982297213908058
grounds,10.52338427135648
epic,10.70644959910328
proportions,12.29599735305816
left,7.782424336165473
sick,9.48609387356269
ring,9.647296147175718
appeal,9.969627355040672
marched,12.089178894058676
checked,10.26877087101146
way,6.887952651685957
smartly,13.976853708373037
watchful,13.608496388579947
square,9.57850969534065
stolid,16.09829302366214
feeling,8.910235779525845
exhausted,11.330603908176274
blinding,13.3580857109254
taking,8.314252347419547
toll,11.330603908176274
grey,10.40766863358345
shocked,10.89234897724512
kissed,11.628336316481557
things,7.505592279737757
thinly,13.194934070239164
getting,7.896616703691127
lark,13.49342705879516
mis-spent,12.493754717981954
catching,11.055500617931353
coming,8.29005761883249
game,7.55211229537265
tease,12.45710140033392
depression,10.223692816693468
feel,7.667042262046627
boots,10.752119635936468
slipping,12.226275352847694
sad,9.57850969534065
sack,11.719949634404555
feel,7.667042262046627
accompany,11.949881240169764
contribution,10.72902392114182
made,7.091678117143066
go,6.840096630508322
top,7.896616703691127
keeps,9.969627355040672
Champion,10.085009429159518
address,9.417364541410508
means,8.198739460297702
Central,8.932708635377903
prepared,9.808177372731803
stand,8.88825687280707
right,6.999870567889943
pass,9.09701168666918
thing,7.55211229537265
overlooking,12.24898014654145
quiet,10.015537056344751
included,9.142681723502369
take,7.091678117143066
got,7.114779448416464
gave,8.633727007672189
lit,11.074670534039074
starters,12.1346826494435
before,7.0690984293909
see,6.676643558018751
make,6.725433722188183
strike,9.993412260064115
finish,9.417364541410508
added,8.8387768155437
rising,10.315977275581258
guts,12.042254560300778
expand,10.70644959910328
bastards,12.363896730723742
guts,12.042254560300778
destroy,10.315977275581258
saga,11.812680118656278
hard,7.989510450583824
bitter,11.030499315725937
go,6.840096630508322
planning,9.441012189711184
operations,9.510095025662231
curtains,12.29599735305816
mean,7.989510450583824
cards,9.76372561016097
signs,9.877819805787553
feel,7.667042262046627
track,9.161550207806751
things,7.505592279737757
come,7.413593361237089
firmly,11.512925464970229
hiding,10.77576139899351
added,8.8387768155437
mass,9.510095025662231
recalled,11.558969403471636
somersaults,15.679840720027164
stopped,9.57850969534065
came,8.059768344377362
void,11.493122837674049
felt,8.910235779525845
unconfined,16.578545067399244
end,7.643809960553359
ladder,11.445266816496414
gained,10.384754374060574
lightly,11.605040753878034
fell,9.5556515572646
headquarters,10.68437364740408
felt,8.910235779525845
over-friendly,10.075462817275938
approach,9.371683522384943
got,7.114779448416464
reception,10.982297213908058
Planning,9.441012189711184
go,6.840096630508322
reaction,9.832097556449456
added,8.8387768155437
went,8.059768344377362
job,8.059768344377362
handle,9.693226627052931
inside,8.772085441045027
deal,8.473176305999463
handled,10.936312100666235
let,7.829058552679836
side,8.059768344377362
inside,8.772085441045027
track,9.161550207806751
mean,7.989510450583824
taking,8.314252347419547
long,7.344711054181673
evaded,14.0225347273986
head-up,8.159518747144421
planning,9.441012189711184
co-ordinating,14.55574934605807
plans,9.190537744680004
picture,8.910235779525845
Deep,9.09701168666918
co-ordinate,14.02746691988792
increasing,9.946395053547404
plan,8.542510999400527
direct,9.417364541410508
planning,9.441012189711184
planning,9.441012189711184
faked,13.009034692097323
gut,11.464135300800796
fall,8.910235779525845
bloody,10.86582222291169
game,7.55211229537265
far,8.059768344377362
handled,10.936312100666235
heatedly,16.210210939866126
stand,8.88825687280707
get,6.260652036923599
know,6.676643558018751
going,7.045868581111772
corporate,10.03816245586273
plan,8.542510999400527
win,8.314252347419547
long,7.344711054181673
run,8.082169281066529
way,6.887952651685957
wound,10.959040351743791
taking,8.314252347419547
prepared,9.808177372731803
direct,9.417364541410508
link,9.233608998915535
calling,9.302455660883988
shots,10.061311637729696
playing,8.360189442606572
dynamite,12.45710140033392
give,7.575234712793504
corporate,10.03816245586273
plan,8.542510999400527
go,6.840096630508322
ahead,9.190537744680004
thing,7.55211229537265
come,7.413593361237089
thing,7.55211229537265
added,8.8387768155437
sourly,16.923292335326888
plan,8.542510999400527
market,8.542510999400527
bottom,9.57850969534065
hackles,15.679840720027164
rising,10.315977275581258
power,8.01339218258721
make,6.725433722188183
break,8.79823072114935
given,8.266434473069054
power,8.01339218258721
bloody,10.86582222291169
power,8.01339218258721
drunk,10.109282465515724
bitter,11.030499315725937
Look,7.344711054181673
point,7.966185778017415
wheels,10.936312100666235
set,7.851931214345828
motion,10.154516307339874
change,7.966185778017415
takin',13.333084408719982
added,8.8387768155437
take,7.091678117143066
go,6.840096630508322
plughole,17.245107414148126
brief,10.315977275581258
spent,9.161550207806751
grown,9.969627355040672
blood,8.979228651012797
plants,9.877819805787553
plants,9.877819805787553
hand,8.266434473069054
bully,11.812680118656278
go,6.840096630508322
collect,10.66277453560062
hat,10.29209554357787
coat,10.68437364740408
feel,7.667042262046627
looking,7.896616703691127
forward,8.932708635377903
long,7.344711054181673
way,6.887952651685957
see,6.676643558018751
things,7.505592279737757
way,6.887952651685957
see,6.676643558018751
feel,7.667042262046627
Plan,8.542510999400527
drive,8.910235779525845
plant,9.4639431307751
saw,8.426438828147774
guts,12.042254560300778
plants,9.877819805787553
regime,10.819778284410283
strike,9.993412260064115
straw,11.536194091909582
far,8.059768344377362
hit,8.360189442606572
strike,9.993412260064115
End,7.643809960553359
story,8.17360348702616
take,7.091678117143066
come,7.413593361237089
top,7.896616703691127
plan,8.542510999400527
stooging,19.92720304186209
made,7.091678117143066
face,8.17360348702616
Planning,9.441012189711184
novice,12.871604659057146
bloody,10.86582222291169
there,6.194805471126012
come,7.413593361237089
attractive,10.29209554357787
separation,11.21282087251989
package,10.455135170822372
get,6.260652036923599
terms,8.979228651012797
wants,8.656455258749745
thing,7.55211229537265
blinding,13.3580857109254
made,7.091678117143066
get,6.260652036923599
get,6.260652036923599
petticoat,14.666481823717788
Mafia,11.904487667909402
top,7.896616703691127
knew,8.752915524937308
going,7.045868581111772
top,7.896616703691127
close,8.381788554410035
got,7.114779448416464
reached,9.5556515572646
deals,10.154516307339874
approach,9.371683522384943
risks,10.70644959910328
discussed,10.476188580020208
here,6.977105357116931
responds,11.973374881411152
proportionately,14.620707242332845
degrees,10.26877087101146
culpable,14.069113316763191
regarded,10.845096092394574
serious,8.979228651012797
calendar,10.819778284410283
serious,8.979228651012797
strikes,10.936312100666235
foundations,11.58227554310502
rare,9.739669467306731
serious,8.979228651012797
form,8.497390564120058
find,7.461140517166924
degree,9.348453674105818
leave,8.426438828147774
retains,12.340747548856775
makes,8.152550077828328
regard,10.68437364740408
serious,8.979228651012797
regard,10.68437364740408
arise,11.674268615378992
sees,10.154516307339874
large,8.314252347419547
amount,8.910235779525845
form,8.497390564120058
show,7.643809960553359
includes,9.302455660883988
small,8.034767042171945
confronted,11.881094788334696
culpable,14.069113316763191
pick,9.028018815182229
forms,9.832097556449456
boundaries,10.936312100666235
frozen,10.77576139899351
wider,10.959040351743791
application,9.533304258572604
carry,9.4639431307751
spheres,12.871604659057146
sweep,11.58227554310502
large,8.314252347419547
creating,9.923690259853648
designed,9.302455660883988
spread,9.647296147175718
net,9.76372561016097
wider,10.959040351743791
greater,9.441012189711184
seen,8.01339218258721
point,7.966185778017415
accept,9.5556515572646
social-defence,10.455135170822372
departing,12.526277909687517
set,7.851931214345828
distinguishes,13.443947001531791
elements,9.901489549873457
discussed,10.476188580020208
elsewhere,10.455135170822372
rule,9.348453674105818
legacy,10.66277453560062
substantial,10.752119635936468
pronounce,12.29599735305816
reverse,10.66277453560062
able,8.220799178362435
determine,10.061311637729696
life-support,8.351678752938664
kept,9.210340371976182
life-support,8.351678752938664
elements,9.901489549873457
rule,9.348453674105818
stands,10.109282465515724
way,6.887952651685957
rule,9.348453674105818
ground,8.866750667586105
left,7.782424336165473
rule,9.348453674105818
DEFINING,11.605040753878034
Context,10.061311637729696
regarded,10.845096092394574
serious,8.979228651012797
follow,8.88825687280707
form,8.497390564120058
highest,9.533304258572604
imposed,11.141361908537746
systems,9.053336623166516
impose,11.696848303131157
highest,9.533304258572604
form,8.497390564120058
called,7.851931214345828
system,7.921107723699423
amounts,10.5690195660631
places,9.142681723502369
linked,10.26877087101146
denounces,14.39176398705272
declaring,11.92692690410068
makes,8.152550077828328
substantial,10.752119635936468
contribution,10.72902392114182
strong,8.703522769607732
serve,9.5556515572646
mark,9.09701168666918
refined,11.904487667909402
capture,10.545941618780557
remains,9.670789788417109
discussed,10.476188580020208
below,9.09701168666918
regarded,10.845096092394574
perception,11.100815814143395
blunted,14.873941056999552
calculations,11.812680118656278
seen,8.01339218258721
severe,10.223692816693468
long,7.344711054181673
fixed-term,10.159670957928538
fails,10.914088963881523
take,7.091678117143066
account,8.72791422273189
long,7.344711054181673
brings,10.109282465515724
discussion,9.877819805787553
point,7.966185778017415
Home,7.344711054181673
transfer,9.854697388366697
upper,9.854697388366697
limit,9.901489549873457
entrusts,16.022785471153995
bound,10.455135170822372
depart,12.272212448034718
Home,7.344711054181673
serving,10.085009429159518
sadistic,13.403400907137442
fixing,11.305911295585902
introducing,11.141361908537746
serves,10.616837440413592
underline,13.86155449646568
enacted,12.089178894058676
considered,9.028018815182229
individually,11.74359728270523
takes,8.79823072114935
long,7.344711054181673
taken,8.449534542942423
way,6.887952651685957
given,8.266434473069054
persuasive,12.871604659057146
discussed,10.476188580020208
reduced,10.03816245586273
wide,9.302455660883988
led,8.955698153602603
place,7.575234712793504
mark,9.09701168666918
open,8.105083540589405
spent,9.161550207806751
taking,8.314252347419547
gravity,11.030499315725937
account,8.72791422273189
determined,10.03816245586273
bring,8.589763884251074
loss,9.053336623166516
Degrees,10.26877087101146
degrees,10.26877087101146
degrees,10.26877087101146
first-degree,9.413681295994213
third-degree,9.6964733831518
covering,10.476188580020208
shades,11.512925464970229
leaving,9.25638431047759
shift,10.199201796685172
stage,8.979228651012797
drawn,10.29209554357787
stage,8.979228651012797
reflected,11.235293728371948
role,8.8387768155437
position,8.72791422273189
degrees,10.26877087101146
second-degree,9.534686428799557
bargain,11.628336316481557
struck,10.545941618780557
succeed,10.845096092394574
reduce,9.832097556449456
degree,9.348453674105818
borderlines,16.555051426157856
degrees,10.26877087101146
raise,9.78659380106463
labelled,12.387594522153565
refined,11.904487667909402
way,6.887952651685957
cost,8.656455258749745
bills,10.315977275581258
cost,8.656455258749745
capital,9.190537744680004
first-degree,9.413681295994213
degrees,10.26877087101146
calls,9.417364541410508
careful,10.154516307339874
weighing,11.881094788334696
labelling,13.471920853574195
cost,8.656455258749745
mobilised,14.551565239535496
structure,9.57850969534065
includes,9.302455660883988
distinct,10.845096092394574
defined,10.223692816693468
tend,10.199201796685172
focus,9.210340371976182
reduce,9.832097556449456
extend,10.72902392114182
far,8.059768344377362
narrow,10.616837440413592
regarded,10.845096092394574
form,8.497390564120058
element,10.455135170822372
extent,10.4311202946185
subject,9.302455660883988
clear,8.633727007672189
settled,10.501324553291749
charged,10.085009429159518
follow,8.88825687280707
way,6.887952651685957
regarded,10.845096092394574
part,7.413593361237089
suggesting,10.936312100666235
applied,9.969627355040672
full,7.966185778017415
set,7.851931214345828
set,7.851931214345828
defence,10.33735213516599
claim,9.32575122348751
put,7.690827167070069
drawing,10.177924398237888
surrounding,10.384754374060574
element,10.455135170822372
shown,9.441012189711184
includes,9.302455660883988
confirmed,9.969627355040672
rule,9.348453674105818
maintained,10.637456727616328
throughout,9.233608998915535
upheld,12.45710140033392
serious,8.979228651012797
contemplated,13.23889719366028
rule,9.348453674105818
extend,10.72902392114182
far,8.059768344377362
point,7.966185778017415
mark,9.09701168666918
rule,9.348453674105818
draws,11.281813744006842
line,8.082169281066529
low,8.449534542942423
rule,9.348453674105818
departs,13.42346847018825
element,10.455135170822372
allowing,10.085009429159518
violating,12.1346826494435
turning,9.877819805787553
serious,8.979228651012797
constructive,12.01876354722518
construct,11.558969403471636
final,8.563237129917644
significant,9.25638431047759
sets,9.923690259853648
range,8.932708635377903
serious,8.979228651012797
show,7.643809960553359
wanton,14.138474444560694
label,10.52338427135648
uphold,12.618562368575304
breach,11.21282087251989
amplitude,13.168407315905736
lies,9.832097556449456
includes,9.302455660883988
put,7.690827167070069
leading,9.210340371976182
gave,8.633727007672189
serious,8.979228651012797
rule,9.348453674105818
goes,8.703522769607732
further,8.497390564120058
protagonists,13.14768118538862
support,7.989510450583824
confine,13.999433396125202
element,10.455135170822372
strike,9.993412260064115
note,9.115030192171858
powerful,9.5556515572646
label,10.52338427135648
drawing,10.177924398237888
line,8.082169281066529
hard,7.989510450583824
smaller,9.670789788417109
larger,9.624341811106634
follows,9.647296147175718
consider,9.233608998915535
element,10.455135170822372
serious,8.979228651012797
serious,8.979228651012797
given,8.266434473069054
taking,8.314252347419547
opposite,10.085009429159518
labelled,12.387594522153565
assumes,12.01876354722518
overwhelm,13.471920853574195
taking,8.314252347419547
modified,10.959040351743791
slight,11.006107862601777
labelled,12.387594522153565
way,6.887952651685957
point,7.966185778017415
taking,8.314252347419547
taking,8.314252347419547
slight,11.006107862601777
serious,8.979228651012797
discussing,10.982297213908058
boundaries,10.936312100666235
broad,10.29209554357787
point,7.966185778017415
remains,9.670789788417109
line,8.082169281066529
drawn,10.29209554357787
here,6.977105357116931
approach,9.371683522384943
draw,9.647296147175718
line,8.082169281066529
degree,9.348453674105818
situations,10.4311202946185
high,7.484008708070583
introduced,9.854697388366697
abandoned,10.592642711826535
grounds,10.52338427135648
approach,9.371683522384943
frame,10.177924398237888
way,6.887952651685957
make,6.725433722188183
clear,8.633727007672189
make,6.725433722188183
Section,9.210340371976182
Model,8.910235779525845
includes,9.302455660883988
extreme,10.131643645673885
value,8.866750667586105
treats,11.37316352259507
wicked,11.536194091909582
directs,12.480509491231937
Model,8.910235779525845
reduced,10.03816245586273
extreme,10.131643645673885
wicked,11.536194091909582
wicked,11.536194091909582
extreme,10.131643645673885
Model,8.910235779525845
contain,10.362353437371407
amount,8.910235779525845
extreme,10.131643645673885
assists,11.445266816496414
increases,10.455135170822372
way,6.887952651685957
essence,11.445266816496414
approaches,10.936312100666235
way,6.887952651685957
protagonists,13.14768118538862
labelling,13.471920853574195
opponents,10.982297213908058
here,6.977105357116931
reduce,9.832097556449456
background,9.739669467306731
formulation,12.710253726577497
derives,12.848526711774602
situations,10.4311202946185
serious,8.979228651012797
restrict,11.973374881411152
producing,10.476188580020208
satisfies,13.3580857109254
marks,10.384754374060574
approach,9.371683522384943
adopted,10.33735213516599
law,8.152550077828328
force,8.679712120914012
form,8.497390564120058
course,8.198739460297702
serious,8.979228651012797
held,8.656455258749745
grounds,10.52338427135648
placing,11.120883377194204
highest,9.533304258572604
form,8.497390564120058
constructive,12.01876354722518
constructed,10.845096092394574
ingredients,11.190841965801114
crossed,10.70644959910328
high,7.484008708070583
threshold,11.445266816496414
serious,8.979228651012797
held,8.656455258749745
reduced,10.03816245586273
serious,8.979228651012797
substantial,10.752119635936468
approaches,10.936312100666235
point,7.966185778017415
focused,10.015537056344751
mark,9.09701168666918
resort,10.66277453560062
identify,10.223692816693468
separate,9.601902574915355
covered,9.601902574915355
let,7.829058552679836
avoid,9.510095025662231
found,7.643809960553359
employed,10.545941618780557
kept,9.210340371976182
deposit,10.959040351743791
told,7.966185778017415
take,7.091678117143066
up front,8.639360825390446
passed,9.394263210137112
coming,8.29005761883249
sort,9.210340371976182
heard,8.589763884251074
phoned,13.168407315905736
get,6.260652036923599
answer,8.818298284200159
told,7.966185778017415
unavailable,12.363896730723742
passed,9.394263210137112
directly,9.441012189711184
sent,8.8387768155437
stating,11.169335760580152
employed,10.545941618780557
felt,8.910235779525845
entitled,10.33735213516599
tenant-finding,12.101712630205933
deposit,10.959040351743791
acknowledge,11.100815814143395
full,7.966185778017415
hear,8.679712120914012
lot,7.806697372521679
further,8.497390564120058
way,6.887952651685957
treated,9.877819805787553
arrived,9.693226627052931
lost,8.314252347419547
dealing,10.131643645673885
paying,9.78659380106463
deposit,10.959040351743791
told,7.966185778017415
broken,9.48609387356269
moved,9.190537744680004
Together,8.152550077828328
took,8.034767042171945
dealt,11.055500617931353
find,7.461140517166924
deposit,10.959040351743791
gave,8.633727007672189
bounced,12.75772026381642
set,7.851931214345828
come,7.413593361237089
go,6.840096630508322
pays,10.914088963881523
deal,8.473176305999463
member,8.79823072114935
body,8.29005761883249
body,8.29005761883249
members,8.403864506109235
bonded,12.618562368575304
means,8.198739460297702
deposits,11.512925464970229
covered,9.601902574915355
following,8.152550077828328
points,8.679712120914012
Ask,8.426438828147774
member,8.79823072114935
ask,8.426438828147774
finding,9.5556515572646
managing,10.592642711826535
tenant-finding,12.101712630205933
keep,7.690827167070069
deposit,10.959040351743791
deposit,10.959040351743791
given,8.266434473069054
immediately,9.25638431047759
deduct,13.608496388579947
want,6.812445099177812
up front,8.639360825390446
collect,10.66277453560062
charge,9.161550207806751
acting,9.624341811106634
members,8.403864506109235
clear,8.633727007672189
think,6.725433722188183
Section,9.210340371976182
dealing,10.131643645673885
bonding,12.24898014654145
standards,9.716178454231134
brought,8.8387768155437
code,9.028018815182229
sees,10.154516307339874
usurped,14.321348640219226
gone,8.818298284200159
bare,11.100815814143395
telling,9.394263210137112
fresh,9.601902574915355
slow,9.5556515572646
lay,10.03816245586273
hands,8.8387768155437
lawless,13.168407315905736
old,7.484008708070583
border,9.901489549873457
ran,9.510095025662231
way,6.887952651685957
hard,7.989510450583824
put,7.690827167070069
close-packed,10.886987034103733
sprawl,13.838779184903627
found,7.643809960553359
hard,7.989510450583824
picture,8.910235779525845
shaped,10.637456727616328
Relief,10.245977861482904
hand,8.266434473069054
stands,10.109282465515724
spur,12.29599735305816
corduroy,14.78309458422598
battalions,13.42346847018825
bare,11.100815814143395
shoulders,11.100815814143395
open,8.105083540589405
runs,9.57850969534065
attractions,11.74359728270523
threads,11.858236650258643
inhospitable,14.368895796149062
blows,11.417615285165905
sense,8.772085441045027
isolation,11.464135300800796
grows,11.100815814143395
lonely,10.936312100666235
leave,8.426438828147774
behind,8.542510999400527
outskirts,12.526277909687517
enter,9.647296147175718
reconstructed,13.168407315905736
operate,10.362353437371407
running,8.679712120914012
hollow,11.628336316481557
came,8.059768344377362
sign,9.028018815182229
loneliest,14.9675236233595
tucked,12.387594522153565
dark,9.115030192171858
blocking,11.235293728371948
filling,11.074670534039074
line,8.082169281066529
shaggy,13.403400907137442
leaned,12.871604659057146
comes,8.381788554410035
windbitten,19.92720304186209
harsh,11.190841965801114
giving,8.866750667586105
flanks,13.471920853574195
sweeps,13.031609014135864
clues,11.92692690410068
blobs,14.78309458422598
sheets,11.141361908537746
pale,11.330603908176274
bridges,11.281813744006842
backs,11.281813744006842
Following,8.152550077828328
signs,9.877819805787553
foot,9.510095025662231
tottering,15.726053563182296
breast,10.70644959910328
flashing,12.24898014654145
whistling,13.333084408719982
lonely,10.936312100666235
overlain,15.49751916323321
snarl,14.69017961514761
jarring,13.74785190949046
furious,11.558969403471636
as,5.134499281318642
remote,10.5690195660631
dream,9.417364541410508
settled,10.501324553291749
tightening,13.122363377404328
ran,9.510095025662231
beds,11.120883377194204
ankle-breaking,11.738572146502555
ceased,11.949881240169764
rolling,10.4311202946185
form,8.497390564120058
broadbreasted,19.92720304186209
folds,12.825969364350524
turned,9.003326202591856
climbed,11.858236650258643
faces,10.154516307339874
lonely,10.936312100666235
giving,8.866750667586105
followed,9.09701168666918
savoured,16.022785471153995
crisp,12.2040746428675
sign,9.028018815182229
penetrated,13.21667405687557
put,7.690827167070069
face,8.17360348702616
wait,8.403864506109235
pilgrimage,12.664938530365454
progress,9.716178454231134
look,7.344711054181673
vague,11.812680118656278
part,7.413593361237089
things,7.505592279737757
found,7.643809960553359
enormous,10.936312100666235
humbly,13.42346847018825
elevated,11.445266816496414
going,7.045868581111772
African,9.624341811106634
game,7.55211229537265
reserve,10.131643645673885
ignoring,11.417615285165905
animals,9.57850969534065
serious,8.979228651012797
powerful,9.5556515572646
young,8.220799178362435
laced,13.14768118538862
borders,10.914088963881523
clumps,13.976853708373037
punctuation,13.14768118538862
marks,10.384754374060574
bubbles,11.995811720046978
busy,9.78659380106463
lazy,10.959040351743791
spider-web,11.220255851007408
lowprofile,19.92720304186209
take,7.091678117143066
trips,10.982297213908058
dull,11.651038767099864
Drifting,12.54856295447695
following,8.152550077828328
twisting,12.733705387612543
marked,10.362353437371407
proclaiming,13.308692955595822
silent,10.476188580020208
world,7.161358037781056
algae-smothered,14.033666567767444
disturbs,14.207072760903449
fine,8.679712120914012
raised,9.57850969534065
sits,11.100815814143395
rich,9.417364541410508
powerful,9.5556515572646
son,8.563237129917644
proud,9.716178454231134
around,7.437084374312687
adoptive,13.308692955595822
daughter,9.053336623166516
weep,12.965359628594664
quashed,14.413347558719895
points,8.679712120914012
stare,11.719949634404555
got,7.114779448416464
details,9.417364541410508
Wriggling,15.012838819571542
away,7.782424336165473
door,9.028018815182229
half-smothered,13.776289844810991
brings,10.109282465515724
hugged,12.825969364350524
brood,13.23889719366028
shaped,10.637456727616328
candle,11.788678966556736
snuffers,18.21366657456804
odd,10.545941618780557
skeleton,11.973374881411152
pompous,13.675748615589116
makes,8.152550077828328
hub,11.330603908176274
changes,8.932708635377903
atmospheric,11.881094788334696
under,7.52951246345541
saucershaped,19.92720304186209
waxed,13.63318900117032
sweet,9.417364541410508
over,6.725433722188183
unassuming,14.229511997094724
frame,10.177924398237888
sheer,11.493122837674049
motifs,13.21667405687557
call,8.034767042171945
sermons,13.009034692097323
stone,9.670789788417109
messages,10.26877087101146
clear,8.633727007672189
grimacing,15.635669501714029
exuberant,13.884860636099068
spirit,9.693226627052931
finer,12.895227804820582
attraction-merchants,12.29599735305816
medieval,11.399596779663224
forebears,14.69017961514761
pilgrims,12.710253726577497
Way,6.887952651685957
World,7.161358037781056
take,7.091678117143066
surrender,11.305911295585902
regulate,11.812680118656278
controls,10.5690195660631
released,9.09701168666918
involve,10.86582222291169
assist,10.545941618780557
Small,8.034767042171945
cake,10.29209554357787
way,6.887952651685957
chief,8.955698153602603
mountains,10.362353437371407
give,7.575234712793504
World,7.161358037781056
ways,9.070578429601024
new,6.331141914678144
plan,8.542510999400527
turn,8.473176305999463
involves,10.72902392114182
masts,14.069113316763191
way,6.887952651685957
relieved,11.628336316481557
regular,9.32575122348751
masts,14.069113316763191
introduced,9.854697388366697
swoon,14.09126405955078
awaits,12.54856295447695
greet,12.1346826494435
opens,10.52338427135648
centre,9.32575122348751
far,8.059768344377362
removed,9.693226627052931
await,12.363896730723742
things,7.505592279737757
member,8.79823072114935
block,9.48609387356269
said,6.887952651685957
envy,11.881094788334696
selected,9.946395053547404
manage,10.26877087101146
likes,9.832097556449456
think,6.725433722188183
prisoners,10.66277453560062
odd,10.545941618780557
looking,7.896616703691127
customers,9.716178454231134
direct,9.417364541410508
consumers,10.616837440413592
spent,9.161550207806751
sector,9.993412260064115
dapper,14.0225347273986
propelled,12.710253726577497
campaign,9.210340371976182
penetrated,13.21667405687557
grim,12.226275352847694
digs,12.940041820610372
tensely,16.62393373321327
regular,9.32575122348751
consciousness,11.21282087251989
low,8.449534542942423
around,7.437084374312687
thinning,13.49342705879516
roll,9.78659380106463
brought,8.8387768155437
lower,8.955698153602603
defender,11.258283246596648
slender,12.45710140033392
measures,9.969627355040672
followed,9.09701168666918
Elastoplast,18.12057615150203
disguise,12.157282481360742
running,8.679712120914012
sore,11.536194091909582
fine,8.679712120914012
order,8.082169281066529
coom,17.75285137137671
blow,10.154516307339874
free,7.75872654473565
canny,14.069113316763191
start,7.921107723699423
importing,12.825969364350524
whole,8.152550077828328
fighting,9.394263210137112
diversions,14.0225347273986
handling,10.616837440413592
ghetto,12.226275352847694
costly,11.674268615378992
manicure,13.838779184903627
boundaries,10.936312100666235
vanished,12.157282481360742
allowing,10.085009429159518
tides,12.733705387612543
wash,10.455135170822372
pitiful,13.261625444737836
whole,8.152550077828328
bit,8.360189442606572
thing,7.55211229537265
structure,9.57850969534065
means,8.198739460297702
awash,14.368895796149062
useless,11.006107862601777
deal,8.473176305999463
infant,11.536194091909582
abandoned,10.592642711826535
clear,8.633727007672189
put,7.690827167070069
hardest,11.281813744006842
bars,10.476188580020208
tried,8.8387768155437
discovered,9.808177372731803
hard,7.989510450583824
nut,11.417615285165905
victim,10.223692816693468
say,7.161358037781056
tipping,12.526277909687517
whole,8.152550077828328
things,7.505592279737757
Sun,9.279690450110976
City,7.806697372521679
Bantustan,17.431139550338617
slowly,10.061311637729696
makes,8.152550077828328
noises,12.089178894058676
pitifully,15.33419410712991
painfully,12.733705387612543
slowly,10.061311637729696
says,8.082169281066529
starved,12.733705387612543
central,8.932708635377903
pear-shaped,12.848526711774602
pear-shaped,12.848526711774602
appeal,9.969627355040672
appeal,9.969627355040672
climbing,11.235293728371948
hack,11.399596779663224
fodder,12.986958740398126
hard,7.989510450583824
leading,9.210340371976182
crusade,12.45710140033392
rebuild,11.74359728270523
bring,8.589763884251074
Sit,9.441012189711184
box,9.115030192171858
soapbox,14.9675236233595
directed,10.131643645673885
things,7.505592279737757
chaos,10.89234897724512
carried,9.739669467306731
irritation,12.848526711774602
admitted,10.384754374060574
urging,12.24898014654145
wrung,15.289543833392171
prepared,9.808177372731803
advance,10.015537056344751
score,9.601902574915355
came,8.059768344377362
passage,10.89234897724512
Trojan,12.871604659057146
horse,9.76372561016097
let,7.829058552679836
lines,9.32575122348751
consumption,10.70644959910328
Higher,8.79823072114935
help,7.484008708070583
made,7.091678117143066
There,6.194805471126012
judging,11.399596779663224
roaring,12.639937228160036
judging,11.399596779663224
point,7.966185778017415
constitutional,10.752119635936468
referring,10.70644959910328
suggest,9.78659380106463
comes,8.381788554410035
passage,10.89234897724512
get,6.260652036923599
anywhere,9.877819805787553
appeal,9.969627355040672
average,8.8387768155437
average,8.8387768155437
cool,8.866750667586105
considerate,13.122363377404328
attend,10.245977861482904
arising,12.157282481360742
suited,11.445266816496414
bear,9.877819805787553
give,7.575234712793504
goes,8.703522769607732
advance,10.015537056344751
great,7.183508780568644
measures,9.969627355040672
great,7.183508780568644
greater,9.441012189711184
advocate,11.030499315725937
hack,11.399596779663224
blow,10.154516307339874
pointing,11.055500617931353
reversed,11.788678966556736
thing,7.55211229537265
full,7.966185778017415
campaign,9.210340371976182
apply,9.647296147175718
got,7.114779448416464
place,7.575234712793504
fall,8.910235779525845
about,5.987472525838444
wanted,8.381788554410035
true,8.29005761883249
high,7.484008708070583
low,8.449534542942423
high,7.484008708070583
said,6.887952651685957
stay,8.449534542942423
stayed,10.29209554357787
low,8.449534542942423
hired,10.5690195660631
encouraged,10.77576139899351
fight,8.679712120914012
campaign,9.210340371976182
climbed,11.858236650258643
soapbox,14.9675236233595
jubilant,14.666481823717788
camp,9.693226627052931
head,8.034767042171945
challenger,12.110762465725848
campaign,9.210340371976182
justified,11.464135300800796
head,8.034767042171945
challenging,10.89234897724512
powerful,9.5556515572646
powers,9.901489549873457
side,8.059768344377362
comes,8.381788554410035
expect,9.190537744680004
return,8.772085441045027
found,7.643809960553359
powerful,9.5556515572646
members,8.403864506109235
want,6.812445099177812
attached,10.315977275581258
power,8.01339218258721
went,8.059768344377362
about,5.987472525838444
large,8.314252347419547
subjects,10.637456727616328
hardened,12.618562368575304
forces,9.25638431047759
suggest,9.78659380106463
emerge,11.766528223769146
biggest,9.371683522384943
hung,11.030499315725937
go,6.840096630508322
dangers,11.766528223769146
mean,7.989510450583824
dealing,10.131643645673885
soapbox,14.9675236233595
came,8.059768344377362
came,8.059768344377362
signs,9.877819805787553
fairweather,15.197812897814629
preparing,10.752119635936468
detach,13.838779184903627
reached,9.5556515572646
junior,10.384754374060574
balance,9.76372561016097
made,7.091678117143066
issued,9.832097556449456
issue,8.679712120914012
makes,8.152550077828328
point,7.966185778017415
way,6.887952651685957
plans,9.190537744680004
announced,9.302455660883988
restored,11.235293728371948
click,9.624341811106634
way,6.887952651685957
thanks,8.220799178362435
found,7.643809960553359
means,8.198739460297702
walls,10.085009429159518
responsible,9.48609387356269
hampered,13.078346491987556
far,8.059768344377362
received,8.8387768155437
assistance,10.154516307339874
running,8.679712120914012
donated,11.37316352259507
headed,10.245977861482904
say,7.161358037781056
new,6.331141914678144
shows,8.679712120914012
reflectors,14.64333264185082
warn,11.464135300800796
donated,11.37316352259507
led,8.955698153602603
use,7.344711054181673
pulse,11.37316352259507
alert,10.752119635936468
capacity,9.877819805787553
experimented,13.194934070239164
reflectors,14.64333264185082
about,5.987472525838444
bounce,11.464135300800796
team,7.667042262046627
put,7.690827167070069
headline,11.445266816496414
barrier,11.169335760580152
reflectors,14.64333264185082
barrier,11.169335760580152
activity,9.533304258572604
barrier,11.169335760580152
detecting,12.618562368575304
reflectors,14.64333264185082
reflector,13.815510557964274
reduce,9.832097556449456
secure,10.03816245586273
donation,11.512925464970229
raise,9.78659380106463
appeal,9.969627355040672
made,7.091678117143066
drama,9.969627355040672
godmother,13.999433396125202
part,7.413593361237089
largest,9.441012189711184
source,8.866750667586105
network,9.161550207806751
say,7.161358037781056
sheets,11.141361908537746
bearing,11.006107862601777
sloppy,12.45710140033392
explain,9.4639431307751
thought,7.851931214345828
selling,9.647296147175718
world,7.161358037781056
close,8.381788554410035
furious,11.558969403471636
core,9.832097556449456
invited,10.29209554357787
planning,9.441012189711184
presenting,11.330603908176274
great,7.183508780568644
warhorses,17.131448095675605
expected,9.302455660883988
bring,8.589763884251074
spend,9.279690450110976
felt,8.910235779525845
pressure,9.190537744680004
told,7.966185778017415
built,9.053336623166516
stay,8.449534542942423
home,7.344711054181673
cut,8.656455258749745
team,7.667042262046627
home,7.344711054181673
robust,11.651038767099864
version,9.053336623166516
cauldron,13.675748615589116
demanding,11.21282087251989
idiosyncratic,13.953623860093908
experimental,10.86582222291169
trouble,9.693226627052931
serious,8.979228651012797
prospect,11.21282087251989
closing,10.455135170822372
heart,8.497390564120058
true,8.29005761883249
rush,10.40766863358345
aid,9.78659380106463
snaps,12.29599735305816
ask,8.426438828147774
rewarded,11.949881240169764
crusade,12.45710140033392
make,6.725433722188183
new,6.331141914678144
tried,8.8387768155437
scourge,13.37725562703312
giggled,14.069113316763191
denounces,14.39176398705272
shares,10.131643645673885
explain,9.4639431307751
patiently,12.710253726577497
says,8.082169281066529
grey,10.40766863358345
fall,8.910235779525845
illustrated,11.120883377194204
turns,9.76372561016097
angel,10.476188580020208
vicious-looking,11.922398594475933
went,8.059768344377362
model,8.910235779525845
charted,13.90762584687208
occurred,10.199201796685172
uneasy,12.778773673014252
together,8.152550077828328
broken,9.48609387356269
set,7.851931214345828
raises,11.399596779663224
distributes,13.471920853574195
gushed,14.94252232115408
went,8.059768344377362
irritation,12.848526711774602
trace,11.074670534039074
quickly,9.210340371976182
slip,10.86582222291169
explained,10.154516307339874
devoted,11.100815814143395
worship,10.845096092394574
unfortunate,11.235293728371948
hangover,12.664938530365454
given,8.266434473069054
unqualified,13.37725562703312
found,7.643809960553359
lost,8.314252347419547
thing,7.55211229537265
form,8.497390564120058
thing,7.55211229537265
guidance,10.752119635936468
dime,12.29599735305816
far,8.059768344377362
thing,7.55211229537265
lines,9.32575122348751
little,7.484008708070583
little,7.484008708070583
spring,9.394263210137112
step,8.910235779525845
surge,11.92692690410068
high-indeed,9.797327356707738
risen,11.83588935156665
points,8.679712120914012
allowing,10.085009429159518
holders,11.464135300800796
take,7.091678117143066
market,8.542510999400527
looking,7.896616703691127
prospects,11.355921716160564
middle,8.79823072114935
prospects,11.355921716160564
that,4.585367558691911
market,8.542510999400527
discounting,13.815510557964274
failed,9.624341811106634
hold,8.772085441045027
opening,9.348453674105818
points,8.679712120914012
level,8.266434473069054
hitting,10.455135170822372
new,6.331141914678144
peaks,11.812680118656278
given,8.266434473069054
support,7.989510450583824
market,8.542510999400527
gained,10.384754374060574
points,8.679712120914012
added,8.8387768155437
strengths,11.904487667909402
view,8.772085441045027
fall,8.910235779525845
earnings,10.89234897724512
stopped,9.57850969534065
around,7.437084374312687
market,8.542510999400527
price-earnings,10.994131671555062
drop,9.233608998915535
below,9.09701168666918
earnings,10.89234897724512
matched,11.493122837674049
rises,11.355921716160564
paying,9.78659380106463
afford,10.199201796685172
repair,10.5690195660631
growth,9.142681723502369
looks,8.381788554410035
reasonable,10.154516307339874
market,8.542510999400527
return,8.772085441045027
giving,8.866750667586105
return,8.772085441045027
prospect,11.21282087251989
growth,9.142681723502369
gone,8.818298284200159
away,7.782424336165473
sector,9.993412260064115
higher,8.79823072114935
double,9.190537744680004
shows,8.679712120914012
eagerly,12.68733946705462
sold,9.279690450110976
needs,8.360189442606572
regular,9.32575122348751
stream,10.085009429159518
massive,9.854697388366697
market,8.542510999400527
starting,9.053336623166516
feel,7.667042262046627
bullish,13.49342705879516
looking,7.896616703691127
members,8.403864506109235
members,8.403864506109235
managed,9.76372561016097
members,8.403864506109235
drawing,10.177924398237888
members,8.403864506109235
great,7.183508780568644
deal,8.473176305999463
pain,9.142681723502369
market,8.542510999400527
place,7.575234712793504
found,7.643809960553359
members,8.403864506109235
produced,9.510095025662231
irregularities,13.102560750108148
spiral,11.858236650258643
sends,11.169335760580152
swirling,13.42346847018825
market,8.542510999400527
stop,8.01339218258721
calling,9.302455660883988
deposits,11.512925464970229
make,6.725433722188183
look,7.344711054181673
system,7.921107723699423
members,8.403864506109235
members,8.403864506109235
call,8.034767042171945
cover,9.028018815182229
seeking,10.177924398237888
stop,8.01339218258721
members,8.403864506109235
dipping,12.710253726577497
challenging,10.89234897724512
says,8.082169281066529
pay,8.29005761883249
calls,9.417364541410508
fight,8.679712120914012
welcomed,11.605040753878034
made,7.091678117143066
substantial,10.752119635936468
owes,12.157282481360742
duty,9.877819805787553
met,9.003326202591856
get,6.260652036923599
found,7.643809960553359
overstated,13.976853708373037
use,7.344711054181673
distance,9.5556515572646
failed,9.624341811106634
led,8.955698153602603
members,8.403864506109235
succesful,15.222007626401684
settlement,10.384754374060574
pay,8.29005761883249
calls,9.417364541410508
members,8.403864506109235
part,7.413593361237089
settlement,10.384754374060574
press,8.8387768155437
plans,9.190537744680004
protective,11.21282087251989
hoping,9.969627355040672
achieve,10.199201796685172
settlement,10.384754374060574
joining,10.4311202946185
set,7.851931214345828
ambitious,11.628336316481557
target,9.624341811106634
take,7.091678117143066
stability,10.799975657114103
employed,10.545941618780557
coupled,11.58227554310502
maintain,10.015537056344751
momentum,11.355921716160564
sought,10.384754374060574
turn,8.473176305999463
asking,9.302455660883988
reverse,10.66277453560062
give,7.575234712793504
make,6.725433722188183
work,6.999870567889943
full,7.966185778017415
nailed,12.042254560300778
true,8.29005761883249
founding,11.536194091909582
free,7.75872654473565
point,7.966185778017415
delivery,10.154516307339874
recalled,11.558969403471636
made,7.091678117143066
ease,10.72902392114182
see,6.676643558018751
ease,10.72902392114182
optimistic,11.812680118656278
confident,10.52338427135648
work,6.999870567889943
touches,11.558969403471636
fossilises,19.92720304186209
pledged,12.340747548856775
opt,11.74359728270523
status,9.510095025662231
encourage,10.476188580020208
hold,8.772085441045027
looking,7.896616703691127
ways,9.070578429601024
enable,10.819778284410283
team,7.667042262046627
secure,10.03816245586273
holding,9.4639431307751
given,8.266434473069054
press,8.8387768155437
ahead,9.190537744680004
campaign,9.210340371976182
stressed,11.100815814143395
step,8.910235779525845
cataract,13.884860636099068
standard,9.142681723502369
set,7.851931214345828
big,7.667042262046627
come,7.413593361237089
conducted,10.177924398237888
background,9.739669467306731
high,7.484008708070583
pressure,9.190537744680004
cuts,10.545941618780557
contained,10.476188580020208
level,8.266434473069054
resources,9.417364541410508
committed,10.015537056344751
put,7.690827167070069
caring,11.055500617931353
keen,11.21282087251989
Right-wing,10.151948911834628
keep,7.690827167070069
tight,10.199201796685172
grip,11.258283246596648
ahead,9.190537744680004
holder,11.030499315725937
fight,8.679712120914012
corner,9.78659380106463
stressed,11.100815814143395
greater,9.441012189711184
fighting,9.394263210137112
giving,8.866750667586105
emphasis,11.074670534039074
make,6.725433722188183
new,6.331141914678144
targets,10.845096092394574
reducing,10.68437364740408
pressing,11.330603908176274
ahead,9.190537744680004
community,8.426438828147774
standards,9.716178454231134
settings,10.982297213908058
challenge,9.48609387356269
rise,9.647296147175718
top,7.896616703691127
swift,11.169335760580152
consider,9.233608998915535
balance,9.76372561016097
old,7.484008708070583
team,7.667042262046627
originates,13.37725562703312
presented,9.78659380106463
proposes,12.272212448034718
form,8.497390564120058
challenges,10.384754374060574
applying,10.959040351743791
context,10.061311637729696
rules,9.070578429601024
pain,9.142681723502369
based,8.034767042171945
aims,11.030499315725937
support,7.989510450583824
illustrate,12.180404898781596
made,7.091678117143066
course,8.198739460297702
covering,10.476188580020208
concludes,12.066310703155017
character,8.955698153602603
argues,11.417615285165905
strength,9.670789788417109
weakness,11.074670534039074
aim,10.33735213516599
challenge,9.48609387356269
contained,10.476188580020208
conceived,11.812680118656278
form,8.497390564120058
taken,8.449534542942423
applying,10.959040351743791
context,10.061311637729696
demanding,11.21282087251989
successful,9.348453674105818
concerned,9.78659380106463
model,8.910235779525845
provide,8.866750667586105
framework,10.845096092394574
plans,9.190537744680004
transform,11.417615285165905
approach,9.371683522384943
approach,9.371683522384943
underpinned,14.52886044584174
resides,12.571355964005509
orders,9.832097556449456
goes,8.703522769607732
emphasize,12.226275352847694
loss,9.053336623166516
terms,8.979228651012797
order,8.082169281066529
order,8.082169281066529
capital,9.190537744680004
humane-sounding,12.811208948767408
term,8.679712120914012
clearly,9.394263210137112
central,8.932708635377903
feature,9.624341811106634
pain,9.142681723502369
loss,9.053336623166516
section,9.210340371976182
given,8.266434473069054
sections,10.68437364740408
pain,9.142681723502369
seek,10.109282465515724
demanding,11.21282087251989
Home,7.344711054181673
inviting,11.83588935156665
move,8.403864506109235
centre,9.32575122348751
stage,8.979228651012797
System,7.921107723699423
take,7.091678117143066
lipservice,17.70773093609624
window,9.670789788417109
reflects,11.258283246596648
shapes,11.536194091909582
pointed,10.455135170822372
tool,10.223692816693468
turn,8.473176305999463
assimilated,13.65850680915461
undertakes,13.930921409475602
sections,10.68437364740408
follow,8.88825687280707
stark,11.493122837674049
put,7.690827167070069
pain,9.142681723502369
unfolds,13.471920853574195
aspires,14.25246633316381
wishes,10.70644959910328
DEMANDING,11.21282087251989
shown,9.441012189711184
linked,10.26877087101146
approach,9.371683522384943
outlined,11.812680118656278
presents,10.5690195660631
states,8.01339218258721
wide,9.302455660883988
describing,10.982297213908058
vision,10.061311637729696
goes,8.703522769607732
note,9.115030192171858
take,7.091678117143066
part,7.413593361237089
strength,9.670789788417109
rounds,10.819778284410283
provide,8.866750667586105
introduction,10.315977275581258
Course,8.198739460297702
highlights,10.86582222291169
testing,9.969627355040672
applying,10.959040351743791
faced,10.384754374060574
management,8.910235779525845
sector,9.993412260064115
Course,8.198739460297702
covering,10.476188580020208
end,7.643809960553359
launched,10.061311637729696
running,8.679712120914012
aim,10.33735213516599
course,8.198739460297702
aim,10.33735213516599
underpinned,14.52886044584174
significance,11.100815814143395
serve,9.5556515572646
aims,11.030499315725937
increase,9.028018815182229
reinforce,12.24898014654145
attitudes,11.493122837674049
encourage,10.476188580020208
maintenance,10.245977861482904
meet,8.589763884251074
contact,9.233608998915535
sandwiched,14.09126405955078
held,8.656455258749745
con,10.86582222291169
act,8.517193191416238
held,8.656455258749745
serves,10.616837440413592
course,8.198739460297702
standard,9.142681723502369
covers,10.33735213516599
entails,12.965359628594664
course,8.198739460297702
formulation,12.710253726577497
plan,8.542510999400527
course,8.198739460297702
employs,12.1346826494435
materials,9.716178454231134
exercises,11.235293728371948
order,8.082169281066529
reflects,11.258283246596648
commit,10.752119635936468
serious,8.979228651012797
substantial,10.752119635936468
committing,11.788678966556736
further,8.497390564120058
revolving,12.871604659057146
door,9.028018815182229
resources,9.417364541410508
supervising,13.078346491987556
serious,8.979228651012797
orders,9.832097556449456
combined,9.946395053547404
constructive,12.01876354722518
stand,8.88825687280707
description,9.832097556449456
given,8.266434473069054
demanding,11.21282087251989
nature,9.25638431047759
course,8.198739460297702
course,8.198739460297702
concerned,9.78659380106463
pain,9.142681723502369
concerned,9.78659380106463
rules,9.070578429601024
plainly,12.940041820610372
section,9.210340371976182
spelt,13.403400907137442
course,8.198739460297702
make,6.725433722188183
members,8.403864506109235
count,9.601902574915355
sit,9.441012189711184
concerned,9.78659380106463
rules,9.070578429601024
setting,9.739669467306731
aims,11.030499315725937
support,7.989510450583824
Support,7.989510450583824
standards,9.716178454231134
aims,11.030499315725937
support,7.989510450583824
employed,10.545941618780557
course,8.198739460297702
concerned,9.78659380106463
giving,8.866750667586105
make,6.725433722188183
course,8.198739460297702
aims,11.030499315725937
get,6.260652036923599
subject,9.302455660883988
ways,9.070578429601024
emphasized,12.180404898781596
exercises,11.235293728371948
introduce,10.66277453560062
course,8.198739460297702
Focus,9.210340371976182
make,6.725433722188183
clear,8.633727007672189
directing,11.74359728270523
extends,11.536194091909582
allows,9.969627355040672
situations,10.4311202946185
aim,10.33735213516599
end,7.643809960553359
make,6.725433722188183
lead,8.752915524937308
extends,11.536194091909582
reduce,9.832097556449456
handle,9.693226627052931
set,7.851931214345828
situations,10.4311202946185
illustration,11.696848303131157
course,8.198739460297702
comes,8.381788554410035
take,7.091678117143066
half,8.266434473069054
course,8.198739460297702
give,7.575234712793504
substance,10.982297213908058
aims,11.030499315725937
support,7.989510450583824
model,8.910235779525845
place,7.575234712793504
model,8.910235779525845
System,7.921107723699423
observed,10.616837440413592
suspension,10.959040351743791
demonstrates,11.83588935156665
work,6.999870567889943
BRINGING,9.877819805787553
LIFE,7.161358037781056
ways,9.070578429601024
way,6.887952651685957
reanimating,16.96906691671183
build,9.115030192171858
living,8.517193191416238
creature,11.141361908537746
founded,10.362353437371407
vividly,13.21667405687557
coloured,11.696848303131157
reconstructions,14.25246633316381
scenes,10.177924398237888
fixed,9.901489549873457
way,6.887952651685957
change,7.966185778017415
percolate,15.774505946568242
changed,9.053336623166516
habits,11.030499315725937
lines,9.32575122348751
reveal,10.52338427135648
shown,9.441012189711184
furnished,12.318122149338796
swept,11.651038767099864
intruders,13.560868339590693
show,7.643809960553359
accommodated,13.443947001531791
preserved,11.355921716160564
give,7.575234712793504
direct,9.417364541410508
activities,9.417364541410508
stance,11.399596779663224
stride,12.825969364350524
character,8.955698153602603
diagnoses,13.261625444737836
imposes,13.3580857109254
restraints,13.21667405687557
inhabitants,11.355921716160564
high,7.484008708070583
proceed,11.100815814143395
reconstruction,11.605040753878034
assessment,10.455135170822372
habits,11.030499315725937
approaches,10.936312100666235
attempts,10.362353437371407
related,8.979228651012797
closely,10.29209554357787
ferocious,13.333084408719982
habits,11.030499315725937
opposing,11.417615285165905
co-operate,10.538365824972098
unrelated,11.973374881411152
hunt,10.384754374060574
defy,12.848526711774602
stand,8.88825687280707
tries,10.29209554357787
piece,9.115030192171858
engineering,9.670789788417109
way,6.887952651685957
jobs,9.25638431047759
perform,9.993412260064115
here,6.977105357116931
assumes,12.01876354722518
manufactures,12.825969364350524
designs,10.637456727616328
make,6.725433722188183
today,7.943392768488859
accord,11.949881240169764
flyers,12.226275352847694
swimmers,12.778773673014252
pursued,11.766528223769146
this,5.019171625118542
far,8.059768344377362
answer,8.818298284200159
reached,9.5556515572646
answers,10.131643645673885
obtained,10.384754374060574
design,8.818298284200159
points,8.679712120914012
habits,11.030499315725937
consistent,10.40766863358345
occupying,12.363896730723742
niches,13.70218187265727
ways,9.070578429601024
wide,9.302455660883988
show,7.643809960553359
above,8.752915524937308
occupations,12.803909646285794
get,6.260652036923599
glimpse,11.949881240169764
take,7.091678117143066
point,7.966185778017415
direction,9.371683522384943
answer,8.818298284200159
occupy,11.674268615378992
below,9.09701168666918
way,6.887952651685957
put,7.690827167070069
together,8.152550077828328
mode,10.061311637729696
shows,8.679712120914012
show,7.643809960553359
field,8.656455258749745
take,7.091678117143066
made,7.091678117143066
able,8.220799178362435
interpret,11.949881240169764
coming,8.29005761883249
field,8.656455258749745
turns,9.76372561016097
able,8.220799178362435
line,8.082169281066529
field,8.656455258749745
suspect,10.33735213516599
habitually,14.138474444560694
consistent,10.40766863358345
point,7.966185778017415
operated,10.70644959910328
shows,8.679712120914012
suggests,10.384754374060574
find,7.461140517166924
direct,9.417364541410508
look,7.344711054181673
modifications,11.92692690410068
found,7.643809960553359
headlamps,14.82886300268156
relatives,11.055500617931353
above,8.752915524937308
column,10.752119635936468
preserved,11.355921716160564
rays,11.445266816496414
about,5.987472525838444
allows,9.969627355040672
frozen,10.77576139899351
belonging,11.399596779663224
Canals,12.710253726577497
rods,12.45710140033392
Related,8.979228651012797
spread,9.647296147175718
seams,13.078346491987556
went,8.059768344377362
scars,12.066310703155017
covered,9.601902574915355
scars,12.066310703155017
cushions,13.37725562703312
bedding,12.895227804820582
midrib,16.004766965651317
veins,12.066310703155017
form,8.497390564120058
given,8.266434473069054
attain,12.434228738667928
preserved,11.355921716160564
horsetail,16.371698409757236
circlets,18.077091039562287
jointed,14.736813831661973
serve,9.5556515572646
carries,10.982297213908058
elegant,11.628336316481557
resembling,12.618562368575304
arab,10.616837440413592
minaret,15.289543833392171
toothed,13.72020037815995
extending,11.417615285165905
upper,9.854697388366697
family,7.690827167070069
wings,10.501324553291749
help,7.484008708070583
about,5.987472525838444
toothed,13.72020037815995
veining,16.509657853897494
illustrated,11.120883377194204
here,6.977105357116931
veined,15.35728982192456
about,5.987472525838444
make,6.725433722188183
preferred,10.70644959910328
found,7.643809960553359
found,7.643809960553359
token,11.92692690410068
barrier,11.169335760580152
now,6.495645628155304
sources,9.57850969534065
point,7.966185778017415
direction,9.371683522384943
way,6.887952651685957
constructed,10.845096092394574
swimmers,12.778773673014252
near,8.542510999400527
habits,11.030499315725937
careful,10.154516307339874
here,6.977105357116931
swimmers,12.778773673014252
present,8.79823072114935
harvesting,12.594680636571915
large,8.314252347419547
Puzzles,12.54856295447695
remain,9.601902574915355
seen,8.01339218258721
present,8.79823072114935
habits,11.030499315725937
attracted,10.799975657114103
showing,9.48609387356269
giants,10.799975657114103
habits,11.030499315725937
giants,10.799975657114103
looked,8.955698153602603
way,6.887952651685957
disproves,15.705986000131489
structure,9.57850969534065
pillar-like,12.343038500603331
speaking,9.417364541410508
tend,10.199201796685172
see,6.676643558018751
avoid,9.510095025662231
allow,9.190537744680004
allies,10.89234897724512
sited,14.39176398705272
balance,9.76372561016097
swinging,11.995811720046978
habits,11.030499315725937
aspects,10.362353437371407
habits,11.030499315725937
strongly,10.4311202946185
powerful,9.5556515572646
arisen,13.3580857109254
warm,9.877819805787553
climates,13.054704728930512
cope,11.417615285165905
extended,10.03816245586273
continuously,11.58227554310502
use,7.344711054181673
far,8.059768344377362
posture,12.318122149338796
hunters,11.651038767099864
structure,9.57850969534065
hand,8.266434473069054
allow,9.190537744680004
continuous,11.030499315725937
giants,10.799975657114103
support,7.989510450583824
armoured,13.031609014135864
plated,12.778773673014252
armour,12.089178894058676
Protagonists,13.14768118538862
furious,11.558969403471636
reptilian,14.39176398705272
rhinoceroses,16.325119820392647
habits,11.030499315725937
giants,10.799975657114103
warm-blooded,13.073573213234896
tend,10.199201796685172
close,8.381788554410035
passing,10.061311637729696
reconstruction,11.605040753878034
shows,8.679712120914012
point,7.966185778017415
closely,10.29209554357787
pros,11.812680118656278
cons,12.066310703155017
subject,9.302455660883988
say,7.161358037781056
greater,9.441012189711184
lot,7.806697372521679
makes,8.152550077828328
dry,9.808177372731803
layman,13.976853708373037
end-product,9.496689999194183
accurate,10.199201796685172
reconstruction,11.605040753878034
world,7.161358037781056
amount,8.910235779525845
springboard,13.838779184903627
aim,10.33735213516599
growth,9.142681723502369
failed,9.624341811106634
cure,10.77576139899351
consider,9.233608998915535
forms,9.832097556449456
biggest,9.371683522384943
drawing,10.177924398237888
conditions,9.25638431047759
given,8.266434473069054
rise,9.647296147175718
regarded,10.845096092394574
threat,10.131643645673885
order,8.082169281066529
stain,12.2040746428675
conscience,11.605040753878034
perennial,12.639937228160036
central,8.932708635377903
Giants,10.799975657114103
held,8.656455258749745
sway,12.318122149338796
held,8.656455258749745
form,8.497390564120058
provision,11.190841965801114
full,7.966185778017415
together,8.152550077828328
reduce,9.832097556449456
proportions,12.29599735305816
tide,11.399596779663224
slackening,16.555051426157856
pace,10.637456727616328
growth,9.142681723502369
fuelled,13.70218187265727
remove,9.877819805787553
swiftly,12.571355964005509
followed,9.09701168666918
showed,9.533304258572604
far,8.059768344377362
elimination,11.674268615378992
failed,9.624341811106634
prevent,9.693226627052931
features,9.348453674105818
mount,10.4311202946185
solved,11.330603908176274
introduction,10.315977275581258
prevented,11.305911295585902
high,7.484008708070583
proportion,11.258283246596648
under-achieving,11.464135300800796
prevent,9.693226627052931
encourage,10.476188580020208
rise,9.647296147175718
old,7.484008708070583
tension,11.006107862601777
groups,8.932708635377903
large,8.314252347419547
sections,10.68437364740408
came,8.059768344377362
Rising,10.315977275581258
turned,9.003326202591856
growing,9.348453674105818
malaise,14.18367988132874
crisis,10.085009429159518
dramatically,11.628336316481557
brought,8.8387768155437
collapsing,12.91942253340764
outlook,11.355921716160564
looked,8.955698153602603
bleak,12.825969364350524
boiled,12.24898014654145
orchestrated,13.168407315905736
devastating,11.858236650258643
scale,9.601902574915355
dimension,11.464135300800796
sense,8.772085441045027
vast,10.384754374060574
prominent,10.752119635936468
feature,9.624341811106634
violent,10.455135170822372
clashes,12.594680636571915
confined,11.92692690410068
violent,10.455135170822372
Cutting,10.109282465515724
Edge,9.808177372731803
focused,10.015537056344751
ranked,10.70644959910328
scale,9.601902574915355
way,6.887952651685957
leads,10.015537056344751
vicious,11.904487667909402
circle,10.245977861482904
victims,10.223692816693468
villains,12.318122149338796
face,8.17360348702616
keeping,9.57850969534065
lid,11.949881240169764
explosive,11.58227554310502
mixture,11.100815814143395
ingredients,11.190841965801114
dynamics,11.330603908176274
assembled,11.605040753878034
mixture,11.100815814143395
heated,11.305911295585902
high,7.484008708070583
generates,12.272212448034718
high,7.484008708070583
level,8.266434473069054
turn,8.473176305999463
far,8.059768344377362
far,8.059768344377362
contact,9.233608998915535
far,8.059768344377362
greater,9.441012189711184
commit,10.752119635936468
tiny,10.085009429159518
receiving,10.154516307339874
end,7.643809960553359
heaviest,13.009034692097323
victim,10.223692816693468
suffer,10.476188580020208
way,6.887952651685957
growing,9.348453674105818
help,7.484008708070583
contain,10.362353437371407
barricaded,14.52886044584174
steady,10.799975657114103
erosion,12.340747548856775
liberties,12.226275352847694
offer,9.09701168666918
direction,9.371683522384943
taking,8.314252347419547
vision,10.061311637729696
locked,10.52338427135648
cold,9.161550207806751
hot,8.8387768155437
forces,9.25638431047759
order,8.082169281066529
enjoy,9.003326202591856
decent,10.592642711826535
observe,11.37316352259507
rule,9.348453674105818
breaking,9.808177372731803
evolving,12.042254560300778
added,8.8387768155437
dimension,11.464135300800796
inflated,12.639937228160036
spiral,11.858236650258643
direct,9.417364541410508
witnessed,11.417615285165905
patterns,10.5690195660631
chasing,11.235293728371948
dragon,10.5690195660631
feature,9.624341811106634
suggest,9.78659380106463
crack,10.5690195660631
attendant,12.434228738667928
pattern,10.223692816693468
home-produced,9.618308610302464
serious,8.979228651012797
hit,8.360189442606572
symptom,12.340747548856775
automatically,10.315977275581258
linked,10.26877087101146
consciousness,11.21282087251989
serious,8.979228651012797
harder,10.199201796685172
conditions,9.25638431047759
impact,9.394263210137112
rising,10.315977275581258
represented,10.29209554357787
challenge,9.48609387356269
shared,9.946395053547404
environment,9.510095025662231
companionably,18.307352058645364
soulless,14.09126405955078
injection,11.536194091909582
resources,9.417364541410508
honeycombs,16.41785030464437
happy,8.403864506109235
view,8.772085441045027
meet,8.589763884251074
held,8.656455258749745
picture,8.910235779525845
painted,10.70644959910328
presented,9.78659380106463
revealing,11.58227554310502
conditions,9.25638431047759
Drawing,10.177924398237888
concluded,10.70644959910328
poor,9.003326202591856
factor,9.969627355040672
sought,10.384754374060574
apply,9.647296147175718
here,6.977105357116931
extent,10.4311202946185
reflected,11.235293728371948
diagnosis,11.055500617931353
based,8.034767042171945
central,8.932708635377903
firmer,13.884860636099068
grip,11.258283246596648
combined,9.946395053547404
powers,9.901489549873457
approach,9.371683522384943
following,8.152550077828328
liberation,11.719949634404555
market,8.542510999400527
forces,9.25638431047759
control,8.29005761883249
powers,9.901489549873457
buffer,12.01876354722518
support,7.989510450583824
accentuating,15.58746739989615
reducing,10.68437364740408
thrust,11.83588935156665
contained,10.476188580020208
Training,8.79823072114935
resting,11.766528223769146
wider,10.959040351743791
structure,9.57850969534065
feature,9.624341811106634
package,10.455135170822372
aim,10.33735213516599
sharp,10.40766863358345
reduction,10.616837440413592
role,8.8387768155437
tone,10.384754374060574
traced,11.973374881411152
emphasis,11.074670534039074
administered,11.605040753878034
prompted,11.788678966556736
steps,9.832097556449456
makes,8.152550077828328
bigger,9.808177372731803
impact,9.394263210137112
pointed,10.455135170822372
earnest,12.29599735305816
accurate,10.199201796685172
flexible,11.21282087251989
instrument,10.914088963881523
fields,10.131643645673885
central,8.932708635377903
designed,9.302455660883988
meet,8.589763884251074
extended,10.03816245586273
directed,10.131643645673885
severe,10.223692816693468
emphasis,11.074670534039074
focus,9.210340371976182
reflected,11.235293728371948
switch,10.131643645673885
based,8.034767042171945
subject,9.302455660883988
definable,15.222007626401684
drew,10.455135170822372
conducted,10.177924398237888
pointed,10.455135170822372
debilitating,13.37725562703312
flight,9.533304258572604
aspect,10.5690195660631
stress,9.832097556449456
placed,9.5556515572646
wider,10.959040351743791
argued,10.68437364740408
vital,10.637456727616328
hit,8.360189442606572
sense,8.772085441045027
decay,11.904487667909402
spirit,9.693226627052931
low,8.449534542942423
standard,9.142681723502369
reduced,10.03816245586273
derived,10.845096092394574
pointed,10.455135170822372
approach,9.371683522384943
central,8.932708635377903
way,6.887952651685957
strengthen,11.417615285165905
environment,9.510095025662231
measures,9.969627355040672
constituted,12.480509491231937
took,8.034767042171945
office,8.29005761883249
scale,9.601902574915355
collapse,11.100815814143395
remained,10.085009429159518
incoming,11.674268615378992
foresee,13.403400907137442
impact,9.394263210137112
rising,10.315977275581258
serious,8.979228651012797
laid,10.223692816693468
stress,9.832097556449456
regeneration,12.41186755850977
indicated,10.72902392114182
in,3.9845936982629815
pointed,10.455135170822372
revitalize,14.115265211650325
set,7.851931214345828
new,6.331141914678144
put,7.690827167070069
partnership,10.40766863358345
attract,11.055500617931353
vision,10.061311637729696
recognise,11.696848303131157
things,7.505592279737757
pay,8.29005761883249
flexibility,11.464135300800796
sector,9.993412260064115
serious,8.979228651012797
biggest,9.371683522384943
drop,9.233608998915535
gave,8.633727007672189
impetus,13.194934070239164
new,6.331141914678144
approach,9.371683522384943
came,8.059768344377362
following,8.152550077828328
minimize,11.973374881411152
partnership,10.40766863358345
aspect,10.5690195660631
crisis,10.085009429159518
found,7.643809960553359
variety,9.78659380106463
scale,9.601902574915355
operations,9.510095025662231
ushered,13.65850680915461
new,6.331141914678144
structures,10.40766863358345
co-ordinate,14.02746691988792
forces,9.25638431047759
directed,10.131643645673885
tackle,11.169335760580152
supporting,9.877819805787553
workshops,11.788678966556736
training,8.79823072114935
places,9.142681723502369
aimed,10.936312100666235
tackle,11.169335760580152
large,8.314252347419547
new,6.331141914678144
see,6.676643558018751
discredited,13.471920853574195
new,6.331141914678144
operation,9.394263210137112
bring,8.589763884251074
Regeneration,12.41186755850977
levered,16.141364277897676
say,7.161358037781056
aimed,10.936312100666235
lift,10.362353437371407
barriers,11.493122837674049
hand,8.266434473069054
hold,8.772085441045027
found,7.643809960553359
hand,8.266434473069054
massive,9.854697388366697
spending,9.877819805787553
Home,7.344711054181673
spent,9.161550207806751
spent,9.161550207806751
ways,9.070578429601024
curious,10.476188580020208
committed,10.015537056344751
reduction,10.616837440413592
role,8.8387768155437
independent,9.371683522384943
sector,9.993412260064115
spent,9.161550207806751
regeneration,12.41186755850977
aspects,10.362353437371407
murder,9.533304258572604
sector,9.993412260064115
appropriation,12.91942253340764
version,9.053336623166516
encouraged,10.77576139899351
platforms,11.074670534039074
Faced,10.384754374060574
catastrophic,12.480509491231937
occupy,11.674268615378992
large,8.314252347419547
directly,9.441012189711184
run,8.082169281066529
counter,10.223692816693468
led,8.955698153602603
place,7.575234712793504
poured,11.92692690410068
willing,9.854697388366697
put,7.690827167070069
triumphant,12.965359628594664
expansion,10.26877087101146
charitable,11.719949634404555
rejoiced,14.620707242332845
bodies,9.923690259853648
heavily,10.26877087101146
financed,12.226275352847694
determined,10.03816245586273
impact,9.394263210137112
clumsy,12.803909646285794
sleight,14.39176398705272
hand,8.266434473069054
anxious,11.305911295585902
mop,12.91942253340764
withdrawal,11.399596779663224
support,7.989510450583824
scrapping,13.675748615589116
receded,14.321348640219226
left,7.782424336165473
high,7.484008708070583
dry,9.808177372731803
suggested,9.946395053547404
survey,9.923690259853648
around,7.437084374312687
lost,8.314252347419547
element,10.455135170822372
anxiety,10.476188580020208
high,7.484008708070583
danger,10.154516307339874
assumed,10.616837440413592
link,9.233608998915535
serious,8.979228651012797
dimension,11.464135300800796
members,8.403864506109235
MAKING,7.966185778017415
SENSE,8.772085441045027
Reactions,10.959040351743791
concentrated,11.605040753878034
number,7.782424336165473
disorders,11.190841965801114
highlighted,11.766528223769146
reactions,10.959040351743791
concentrated,11.605040753878034
interplay,13.471920853574195
decay,11.904487667909402
seen,8.01339218258721
symptom,12.340747548856775
breakdown,11.281813744006842
order,8.082169281066529
prominent,10.752119635936468
order,8.082169281066529
powerful,9.5556515572646
body,8.29005761883249
constructed,10.845096092394574
drifting,12.54856295447695
shifted,11.558969403471636
pressures,11.719949634404555
growth,9.142681723502369
glimpse,11.949881240169764
impact,9.394263210137112
level,8.266434473069054
took,8.034767042171945
place,7.575234712793504
midst,11.766528223769146
tone,10.384754374060574
set,7.851931214345828
remove,9.877819805787553
scourge,13.37725562703312
designed,9.302455660883988
promote,10.223692816693468
whole,8.152550077828328
scourge,13.37725562703312
whole,8.152550077828328
framework,10.845096092394574
based,8.034767042171945
supported,9.946395053547404
call,8.034767042171945
suppression,12.24898014654145
roots,10.72902392114182
felt,8.910235779525845
stake,11.169335760580152
took,8.034767042171945
place,7.575234712793504
Order,8.082169281066529
pushing,10.501324553291749
order,8.082169281066529
emphasized,12.180404898781596
drift,11.92692690410068
perspective,10.223692816693468
full,7.966185778017415
impact,9.394263210137112
decaying,13.49342705879516
breakdown,11.281813744006842
spectre,13.261625444737836
tactics,11.120883377194204
swiftly,12.571355964005509
support,7.989510450583824
response,9.142681723502369
long,7.344711054181673
centred,12.664938530365454
role,8.8387768155437
bringing,9.877819805787553
order,8.082169281066529
constant,10.26877087101146
forms,9.832097556449456
hinged,13.65850680915461
factors,10.03816245586273
capital,9.190537744680004
make,6.725433722188183
linking,11.605040753878034
malaise,14.18367988132874
taken,8.449534542942423
central,8.932708635377903
argues,11.417615285165905
link,9.233608998915535
disorder,10.799975657114103
set,7.851931214345828
vigorous,12.75772026381642
exchanges,11.628336316481557
took,8.034767042171945
place,7.575234712793504
role,8.8387768155437
played,8.679712120914012
formulation,12.710253726577497
linkage,13.49342705879516
support,7.989510450583824
outline,11.696848303131157
view,8.772085441045027
decaying,13.49342705879516
took,8.034767042171945
place,7.575234712793504
invaders,12.825969364350524
centred,12.664938530365454
direct,9.417364541410508
product,9.32575122348751
levels,9.279690450110976
cue,12.089178894058676
make,6.725433722188183
sense,8.772085441045027
captured,10.501324553291749
number,7.782424336165473
roots,10.72902392114182
noted,9.923690259853648
received,8.8387768155437
context,10.061311637729696
number,7.782424336165473
perspectives,11.766528223769146
located,9.533304258572604
part,7.413593361237089
powerlessness,14.89726572956596
depressed,11.190841965801114
tackling,12.664938530365454
roots,10.72902392114182
disorder,10.799975657114103
seen,8.01339218258721
sought,10.384754374060574
come,7.413593361237089
feel,7.667042262046627
stake,11.169335760580152
disorder,10.799975657114103
sidelined,13.584398837000888
pushed,10.52338427135648
contained,10.476188580020208
planning,9.441012189711184
move,8.403864506109235
greater,9.441012189711184
seen,8.01339218258721
gap,10.4311202946185
forces,9.25638431047759
order,8.082169281066529
bridged,14.39176398705272
overcoming,12.54856295447695
remained,10.085009429159518
sidelines,13.078346491987556
questioned,11.464135300800796
driven,10.26877087101146
stop,8.01339218258721
raised,9.57850969534065
seen,8.01339218258721
measures,9.969627355040672
address,9.417364541410508
Aspects,10.362353437371407
measures,9.969627355040672
further,8.497390564120058
PERSPECTIVES,11.766528223769146
scale,9.601902574915355
presented,9.78659380106463
presented,9.78659380106463
spread,9.647296147175718
seen,8.01339218258721
break,8.79823072114935
centred,12.664938530365454
continuities,15.86345343258474
images,9.78659380106463
cover,9.028018815182229
responses,10.845096092394574
degree,9.348453674105818
extent,10.4311202946185
seen,8.01339218258721
wider,10.959040351743791
body,8.29005761883249
found,7.643809960553359
acted,10.86582222291169
forms,9.832097556449456
blamed,11.74359728270523
imagery,11.904487667909402
used,7.368204695423061
sections,10.68437364740408
sense,8.772085441045027
found,7.643809960553359
breached,12.986958740398126
taken,8.449534542942423
step,8.910235779525845
further,8.497390564120058
question,8.403864506109235
mark,9.09701168666918
coloured,11.696848303131157
strong,8.703522769607732
response,9.142681723502369
call,8.034767042171945
shades,11.512925464970229
went,8.059768344377362
further,8.497390564120058
context,10.061311637729696
externality,15.935774094164366
highlighted,11.766528223769146
worked,8.8387768155437
levels,9.279690450110976
took,8.034767042171945
impact,9.394263210137112
emphasis,11.074670534039074
part,7.413593361237089
response,9.142681723502369
structures,10.40766863358345
attitudes,11.493122837674049
bred,11.995811720046978
raised,9.57850969534065
assumed,10.616837440413592
imagery,11.904487667909402
extended,10.03816245586273
saw,8.426438828147774
engage,10.68437364740408
orgy,13.261625444737836
captures,12.157282481360742
image,9.348453674105818
links,9.854697388366697
took,8.034767042171945
unhappy,11.37316352259507
origin,10.245977861482904
Let,7.829058552679836
way,6.887952651685957
vast,10.384754374060574
contributed,10.616837440413592
share,8.752915524937308
sorrow,12.1346826494435
tainted,12.940041820610372
constructed,10.845096092394574
force,8.679712120914012
imagery,11.904487667909402
continued,9.302455660883988
dominate,11.812680118656278
pointed,10.455135170822372
plank,12.75772026381642
raised,9.57850969534065
extent,10.4311202946185
decay,11.904487667909402
stark,11.493122837674049
Images,9.78659380106463
decay,11.904487667909402
tinderbox,16.050437002484504
ghetto,12.226275352847694
linked,10.26877087101146
images,9.78659380106463
black,8.152550077828328
ghettos,14.39176398705272
produce,9.716178454231134
mixture,11.100815814143395
images,9.78659380106463
Divis,16.44105953755474
Flats,12.042254560300778
Reggae,12.733705387612543
described,9.210340371976182
Living,8.517193191416238
Hell,8.979228651012797
quoted,11.030499315725937
images,9.78659380106463
deployed,11.445266816496414
clearest,13.72020037815995
use,7.344711054181673
outside,8.633727007672189
ran,9.510095025662231
Burnt-out,11.445266816496414
hulks,15.289543833392171
litter,12.180404898781596
jungle,11.235293728371948
hangs,12.2040746428675
heavy,9.302455660883988
number,7.782424336165473
imagery,11.904487667909402
run,8.082169281066529
found,7.643809960553359
inner,10.362353437371407
conceived,11.812680118656278
breeding,11.330603908176274
ground,8.866750667586105
disorderly,13.471920853574195
hard,7.989510450583824
break,8.79823072114935
link,9.233608998915535
forced,9.601902574915355
take,7.091678117143066
on board,8.679712120914012
restore,11.100815814143395
order,8.082169281066529
seen,8.01339218258721
separately,11.330603908176274
broader,11.493122837674049
heavily,10.26877087101146
denied,10.52338427135648
pursuit,11.235293728371948
free-market,8.917670758013363
find,7.461140517166924
way,6.887952651685957
link,9.233608998915535
bringing,9.877819805787553
linking,11.605040753878034
growth,9.142681723502369
disorder,10.799975657114103
emphasis,11.074670534039074
acts,10.03816245586273
responses,10.845096092394574
took,8.034767042171945
form,8.497390564120058
form,8.497390564120058
relied,11.92692690410068
form,8.497390564120058
act,8.517193191416238
cry,10.154516307339874
loot,12.68733946705462
put,7.690827167070069
responses,10.845096092394574
form,8.497390564120058
built,9.053336623166516
saw,8.426438828147774
line,8.082169281066529
found,7.643809960553359
Taking,8.314252347419547
role,8.8387768155437
served,9.647296147175718
distanced,13.838779184903627
grievances,12.91942253340764
linked,10.26877087101146
locating,12.825969364350524
barons,13.42346847018825
loot,12.68733946705462
image,9.348453674105818
level,8.266434473069054
image,9.348453674105818
saturation,12.965359628594664
depoliticize,17.614204878085417
moved,9.190537744680004
forcibly,12.75772026381642
senseless,13.009034692097323
reflected,11.235293728371948
took,8.034767042171945
place,7.575234712793504
echoes,12.45710140033392
picked,9.854697388366697
cry,10.154516307339874
cry,10.154516307339874
loot,12.68733946705462
took,8.034767042171945
further,8.497390564120058
pointing,11.055500617931353
taken,8.449534542942423
place,7.575234712793504
support,7.989510450583824
drew,10.455135170822372
came,8.059768344377362
bolt,11.417615285165905
blue,8.910235779525845
focused,10.015537056344751
breaking,9.808177372731803
committing,11.788678966556736
threatening,11.074670534039074
mixing,11.258283246596648
contains,9.946395053547404
elements,9.901489549873457
examine,11.100815814143395
range,8.932708635377903
attempt,9.5556515572646
covered,9.601902574915355
introductions,13.122363377404328
embarking,13.443947001531791
follows,9.647296147175718
brief,10.315977275581258
wide,9.302455660883988
range,8.932708635377903
order,8.082169281066529
uncover,12.710253726577497
extensive,10.384754374060574
encompassed,13.953623860093908
poor,9.003326202591856
raise,9.78659380106463
poor,9.003326202591856
poor,9.003326202591856
Clearly,9.394263210137112
getting,7.896616703691127
further,8.497390564120058
further,8.497390564120058
looking,7.896616703691127
look,7.344711054181673
based,8.034767042171945
make-up,7.1221868896943255
put,7.690827167070069
patterns,10.5690195660631
hereditary,12.68733946705462
approach,9.371683522384943
called,7.851931214345828
illustrate,12.180404898781596
arches,12.778773673014252
solitary,12.1346826494435
orbits,13.122363377404328
handleshaped,19.92720304186209
sessile,15.10649473927984
found,7.643809960553359
savages,12.940041820610372
acute,11.512925464970229
see,6.676643558018751
prone,11.674268615378992
based,8.034767042171945
ignore,10.40766863358345
advocates,11.628336316481557
express,9.946395053547404
relics,12.75772026381642
died,8.752915524937308
form,8.497390564120058
found,7.643809960553359
restricted,11.074670534039074
association,9.190537744680004
tougher-looking,12.306998564120134
put,7.690827167070069
away,7.782424336165473
fragile,11.83588935156665
found,7.643809960553359
association,9.190537744680004
hand,8.266434473069054
other,6.536191722549654
reduced,10.03816245586273
background,9.739669467306731
taken,8.449534542942423
account,8.72791422273189
lower,8.955698153602603
found,7.643809960553359
links,9.854697388366697
inherited,11.719949634404555
suggesting,10.936312100666235
association,9.190537744680004
sophisticated,11.399596779663224
approach,9.371683522384943
link,9.233608998915535
maintains,11.605040753878034
link,9.233608998915535
degree,9.348453674105818
inherited,11.719949634404555
determined,10.03816245586273
make-up,7.1221868896943255
link,9.233608998915535
found,7.643809960553359
found,7.643809960553359
inherited,11.719949634404555
take,7.091678117143066
rules,9.070578429601024
break,8.79823072114935
above,8.752915524937308
assumed,10.616837440413592
picture,8.910235779525845
faced,10.384754374060574
suggesting,10.936312100666235
link,9.233608998915535
make-up,7.1221868896943255
inherited,11.719949634404555
share,8.752915524937308
stress,9.832097556449456
link,9.233608998915535
see,6.676643558018751
inherited,11.719949634404555
seen,8.01339218258721
looked,8.955698153602603
point,7.966185778017415
view,8.772085441045027
mark,9.09701168666918
refer,10.476188580020208
area,8.152550077828328
indicated,10.72902392114182
strict,10.982297213908058
lax,12.571355964005509
attitudes,11.493122837674049
found,7.643809960553359
close,8.381788554410035
lax,12.571355964005509
explain,9.4639431307751
patterns,10.5690195660631
disturbed,11.973374881411152
broken,9.48609387356269
broken,9.48609387356269
produce,9.716178454231134
point,7.966185778017415
show,7.643809960553359
link,9.233608998915535
assessing,12.110762465725848
dimensions,11.399596779663224
weak,9.993412260064115
closely,10.29209554357787
linked,10.26877087101146
aspects,10.362353437371407
poor,9.003326202591856
hamper,13.21667405687557
wide,9.302455660883988
here,6.977105357116931
stress,9.832097556449456
conclude,11.74359728270523
hold,8.772085441045027
rest,8.679712120914012
based,8.034767042171945
inherited,11.719949634404555
look,7.344711054181673
feel,7.667042262046627
inherited,11.719949634404555
supporting,9.877819805787553
vast,10.384754374060574
follows,9.647296147175718
large,8.314252347419547
shown,9.441012189711184
high,7.484008708070583
high,7.484008708070583
above,8.752915524937308
incomplete,11.858236650258643
stressed,11.100815814143395
considered,9.028018815182229
context,10.061311637729696
reaction,9.832097556449456
Applications,10.03816245586273
extent,10.4311202946185
applications,10.03816245586273
consider,9.233608998915535
depth,10.245977861482904
application,9.533304258572604
fields,10.131643645673885
examine,11.100815814143395
extent,10.4311202946185
fields,10.131643645673885
context,10.061311637729696
governs,13.471920853574195
extent,10.4311202946185
Questions,8.866750667586105
heavily,10.26877087101146
sources,9.57850969534065
situations,10.4311202946185
provisions,11.235293728371948
governing,11.235293728371948
access,9.09701168666918
format,10.4311202946185
exert,12.986958740398126
powerful,9.5556515572646
made,7.091678117143066
part,7.413593361237089
examine,11.100815814143395
handling,10.616837440413592
applications,10.03816245586273
fields,10.131643645673885
state,7.413593361237089
art,8.542510999400527
fields,10.131643645673885
make,6.725433722188183
state,7.413593361237089
consider,9.233608998915535
impact,9.394263210137112
handling,10.616837440413592
way,6.887952651685957
part,7.413593361237089
present,8.79823072114935
perspectives,11.766528223769146
amplify,13.443947001531791
discussion,9.877819805787553
part,7.413593361237089
tackled,13.009034692097323
part,7.413593361237089
viewed,10.799975657114103
product,9.32575122348751
discussion,9.877819805787553
parts,9.053336623166516
matrix,11.355921716160564
listed,9.923690259853648
axis,11.464135300800796
applications,10.03816245586273
fields,10.131643645673885
other,6.536191722549654
summarizes,13.537878821365997
features,9.348453674105818
part,7.413593361237089
nature,9.25638431047759
make,6.725433722188183
attached,10.315977275581258
fields,10.131643645673885
dealing,10.131643645673885
applications,10.03816245586273
make,6.725433722188183
wide,9.302455660883988
range,8.932708635377903
feature,9.624341811106634
applications,10.03816245586273
extent,10.4311202946185
overlays,14.52886044584174
drawn,10.29209554357787
sources,9.57850969534065
base,9.09701168666918
make,6.725433722188183
heavy,9.302455660883988
size,8.910235779525845
structures,10.40766863358345
discusses,11.674268615378992
application,9.533304258572604
field,8.656455258749745
collected,10.061311637729696
derived,10.845096092394574
sources,9.57850969534065
range,8.932708635377903
made,7.091678117143066
applications,10.03816245586273
applications,10.03816245586273
fields,10.131643645673885
made,7.091678117143066
modelling,12.2040746428675
discusses,11.674268615378992
role,8.8387768155437
scale,9.601902574915355
context,10.061311637729696
identified,10.061311637729696
points,8.679712120914012
impact,9.394263210137112
sectors,11.355921716160564
contribution,10.72902392114182
indicates,10.959040351743791
wide,9.302455660883988
change,7.966185778017415
draws,11.281813744006842
role,8.8387768155437
playing,8.360189442606572
co-ordinating,14.55574934605807
progress,9.716178454231134
discusses,11.674268615378992
part,7.413593361237089
highlights,10.86582222291169
challenges,10.384754374060574
field,8.656455258749745
standards,9.716178454231134
high,7.484008708070583
draws,11.281813744006842
include,8.72791422273189
nature,9.25638431047759
capacity,9.877819805787553
knowledge-based,9.55142322115508
extracting,13.14768118538862
whole,8.152550077828328
whole,8.152550077828328
whole,8.152550077828328
consider,9.233608998915535
make,6.725433722188183
assessments,11.995811720046978
resources,9.417364541410508
deploy,12.2040746428675
high-quality,9.161550207806751
made,7.091678117143066
domain,10.799975657114103
lowest,10.5690195660631
level,8.266434473069054
boundaries,10.936312100666235
higherlevel,19.92720304186209
grid,11.100815814143395
scales,11.558969403471636
coarse,12.871604659057146
assessments,11.995811720046978
assessments,11.995811720046978
deal,8.473176305999463
offer,9.09701168666918
resolution,10.154516307339874
accurate,10.199201796685172
made,7.091678117143066
pointed,10.455135170822372
uses,9.48609387356269
grid,11.100815814143395
consider,9.233608998915535
area,8.152550077828328
application,9.533304258572604
market,8.542510999400527
exercise,9.946395053547404
deriving,13.930921409475602
assessments,11.995811720046978
assumptions,11.628336316481557
made,7.091678117143066
made,7.091678117143066
consider,9.233608998915535
large,8.314252347419547
planning,9.441012189711184
area,8.152550077828328
ripe,12.272212448034718
lagging,13.333084408719982
construction,9.279690450110976
releases,10.77576139899351
construct,11.558969403471636
term,8.679712120914012
microinventory,19.92720304186209
plants,9.877819805787553
plants,9.877819805787553
closely,10.29209554357787
linked,10.26877087101146
inventory,11.190841965801114
displays,11.355921716160564
crude,11.512925464970229
regulated,11.558969403471636
approach,9.371683522384943
adopted,10.33735213516599
search,9.302455660883988
associations,11.464135300800796
releases,10.77576139899351
produces,11.074670534039074
recording,10.33735213516599
releases,10.77576139899351
include,8.72791422273189
released,9.09701168666918
release,9.003326202591856
construct,11.558969403471636
mosaics,14.115265211650325
scales,11.558969403471636
handful,11.258283246596648
planning,9.441012189711184
built,9.053336623166516
resource,10.616837440413592
form,8.497390564120058
Further,8.497390564120058
afield,13.815510557964274
recognize,10.315977275581258
take,7.091678117143066
place,7.575234712793504
co-ordination,12.887291255224843
assessment,10.455135170822372
planning,9.441012189711184
above,8.752915524937308
step,8.910235779525845
direction,9.371683522384943
links,9.854697388366697
forged,12.157282481360742
drawn,10.29209554357787
plans,9.190537744680004
prepared,9.808177372731803
give,7.575234712793504
closed,9.441012189711184
consulted,12.363896730723742
operated,10.70644959910328
large,8.314252347419547
repository,12.825969364350524
scale,9.601902574915355
above,8.752915524937308
produce,9.716178454231134
level,8.266434473069054
obtain,10.592642711826535
valuable,10.33735213516599
large,8.314252347419547
set,7.851931214345828
grid,11.100815814143395
copied,11.995811720046978
system,7.921107723699423
permitting,12.75772026381642
made,7.091678117143066
subsets,13.976853708373037
sources,9.57850969534065
Centre,9.32575122348751
noted,9.923690259853648
receive,9.5556515572646
directly,9.441012189711184
directly,9.441012189711184
gaining,11.21282087251989
access,9.09701168666918
high-quality,9.161550207806751
sources,9.57850969534065
mentioning,12.089178894058676
drawn,10.29209554357787
charged,10.085009429159518
presenting,11.330603908176274
heavily,10.26877087101146
take,7.091678117143066
roles,10.501324553291749
viewpoint,12.340747548856775
hold,8.772085441045027
large,8.314252347419547
contemplate,12.871604659057146
sources,9.57850969534065
form,8.497390564120058
System,7.921107723699423
parallel,10.89234897724512
include,8.72791422273189
level,8.266434473069054
tool,10.223692816693468
taking,8.314252347419547
place,7.575234712793504
domain,10.799975657114103
hazard-prone,12.311433161188
questions,8.866750667586105
deal,8.473176305999463
going,7.045868581111772
collection,9.302455660883988
Assessment,10.455135170822372
system,7.921107723699423
runs,9.57850969534065
contains,9.946395053547404
items,9.716178454231134
assessed,11.74359728270523
fields,10.131643645673885
poor,9.003326202591856
entered,9.854697388366697
field,8.656455258749745
Here,6.977105357116931
view,8.772085441045027
input,10.70644959910328
rendering,11.995811720046978
value,8.866750667586105
found,7.643809960553359
way,6.887952651685957
point,7.966185778017415
showing,9.48609387356269
return,8.772085441045027
massive,9.854697388366697
area,8.152550077828328
models,9.808177372731803
allow,9.190537744680004
sophisticated,11.399596779663224
models,9.808177372731803
framework,10.845096092394574
way,6.887952651685957
rapprochement,14.69017961514761
area,8.152550077828328
sampling,12.089178894058676
samples,10.72902392114182
discussion,9.877819805787553
above,8.752915524937308
implies,11.558969403471636
point,7.966185778017415
making,7.966185778017415
here,6.977105357116931
point,7.966185778017415
part,7.413593361237089
offers,9.808177372731803
high,7.484008708070583
suggests,10.384754374060574
sampling,12.089178894058676
application,9.533304258572604
vigorously,12.91942253340764
Related,8.979228651012797
making,7.966185778017415
overlay,13.261625444737836
operations,9.510095025662231
plumes,13.999433396125202
fixed,9.901489549873457
base,9.09701168666918
shares,10.131643645673885
slicing,13.49342705879516
assigned,10.616837440413592
source,8.866750667586105
modelling,12.2040746428675
package,10.455135170822372
interfaced,15.746532094525836
Operations,9.510095025662231
linking,11.605040753878034
models,9.808177372731803
applications,10.03816245586273
operations,9.510095025662231
sophisticated,11.399596779663224
shortest,12.501786889679218
path,9.877819805787553
failed,9.624341811106634
links,9.854697388366697
operations,9.510095025662231
large,8.314252347419547
tools,10.154516307339874
solution,9.57850969534065
planning,9.441012189711184
include,8.72791422273189
dictate,12.480509491231937
assignment,11.100815814143395
resources,9.417364541410508
resources,9.417364541410508
held,8.656455258749745
resources,9.417364541410508
held,8.656455258749745
solution,9.57850969534065
far,8.059768344377362
microcomputer-based,15.429961012221918
response,9.142681723502369
system,7.921107723699423
system,7.921107723699423
solution,9.57850969534065
role,8.8387768155437
operations,9.510095025662231
faced,10.384754374060574
mentioned,9.601902574915355
states,8.01339218258721
facing,10.362353437371407
make,6.725433722188183
essence,11.445266816496414
Here,6.977105357116931
operations,9.510095025662231
network,9.161550207806751
so-called,7.9633080781898
Chinese,9.190537744680004
postman,13.584398837000888
problem,8.29005761883249
travelling,11.141361908537746
salesman,12.340747548856775
problem,8.29005761883249
route,9.969627355040672
network,9.161550207806751
nodes,12.01876354722518
model,8.910235779525845
touch,9.417364541410508
proprietorial,17.570529814582756
shining,11.558969403471636
gold,8.818298284200159
caught,9.441012189711184
bow,10.819778284410283
make-up,7.1221868896943255
lines,9.32575122348751
model,8.910235779525845
uniform,10.752119635936468
soft,9.946395053547404
light,8.449534542942423
boxy,14.620707242332845
shaped,10.637456727616328
line,8.082169281066529
face,8.17360348702616
groomed,13.443947001531791
world,7.161358037781056
looked,8.955698153602603
creation,10.223692816693468
raw,10.29209554357787
materials,9.716178454231134
before,7.0690984293909
spotted,11.074670534039074
filly,13.471920853574195
racehorse,14.138474444560694
model,8.910235779525845
circuit,10.4311202946185
eliminated,11.399596779663224
trace,11.074670534039074
imitating,13.3580857109254
held,8.656455258749745
highest,9.533304258572604
expanding,11.120883377194204
big,7.667042262046627
putting,9.533304258572604
supply,9.647296147175718
models,9.808177372731803
top,7.896616703691127
capital,9.190537744680004
afford,10.199201796685172
feel,7.667042262046627
brimming,14.09126405955078
suppressed,12.434228738667928
air,8.360189442606572
dark,9.115030192171858
grey-streaked,14.38644010579997
relieved,11.628336316481557
creations,12.594680636571915
mother,8.656455258749745
hen,12.526277909687517
generous,11.055500617931353
helping,9.716178454231134
tight-coiled,14.06653931276802
spring,9.394263210137112
explode,11.973374881411152
kind,8.17360348702616
deep,9.09701168666918
perceptive,13.838779184903627
revived,12.340747548856775
turned,9.003326202591856
somersault,15.012838819571542
directly,9.441012189711184
warmed,12.733705387612543
model,8.910235779525845
dismissive,13.70218187265727
make,6.725433722188183
swell,12.340747548856775
arising,12.157282481360742
model,8.910235779525845
looking,7.896616703691127
lifting,11.37316352259507
corner,9.78659380106463
lose,9.028018815182229
models,9.808177372731803
reflected,11.235293728371948
glory,10.68437364740408
came,8.059768344377362
model,8.910235779525845
seal,10.819778284410283
present,8.79823072114935
model,8.910235779525845
end,7.643809960553359
jump,9.923690259853648
make,6.725433722188183
move,8.403864506109235
giving,8.866750667586105
bubbling,13.284882306902103
made,7.091678117143066
take,7.091678117143066
modelling,12.2040746428675
took,8.034767042171945
went,8.059768344377362
way,6.887952651685957
den,11.493122837674049
waiting,9.070578429601024
points,8.679712120914012
found,7.643809960553359
adhering,13.515405965513937
strict,10.982297213908058
slightest,12.042254560300778
centre,9.32575122348751
industry,8.772085441045027
world,7.161358037781056
air,8.360189442606572
cross,9.210340371976182
workhouse,14.2759599744052
boarding,11.605040753878034
school,7.575234712793504
dreams,10.154516307339874
Deep,9.09701168666918
swept,11.651038767099864
warren,10.914088963881523
faded,12.1346826494435
seen,8.01339218258721
dared,12.618562368575304
show,7.643809960553359
shades,11.512925464970229
legs,9.969627355040672
discreet,12.825969364350524
hive,12.664938530365454
discovered,9.808177372731803
way,6.887952651685957
world,7.161358037781056
constant,10.26877087101146
ready,8.563237129917644
order,8.082169281066529
thing,7.55211229537265
employment,10.223692816693468
breathe,10.914088963881523
model,8.910235779525845
fair,9.233608998915535
sharp,10.40766863358345
looked,8.955698153602603
sooty,14.94252232115408
suppress,12.29599735305816
ran,9.510095025662231
taste,9.832097556449456
taking,8.314252347419547
critical,9.601902574915355
practised,13.054704728930512
tow,12.157282481360742
foot,9.510095025662231
bill,8.866750667586105
stir,11.605040753878034
hook,10.66277453560062
long,7.344711054181673
lend,11.696848303131157
hand,8.266434473069054
running,8.679712120914012
way,6.887952651685957
modelling,12.2040746428675
trick,10.40766863358345
took,8.034767042171945
taken,8.449534542942423
leave,8.426438828147774
senses,11.696848303131157
world,7.161358037781056
models,9.808177372731803
ways,9.070578429601024
made,7.091678117143066
level,8.266434473069054
long,7.344711054181673
spent,9.161550207806751
free,7.75872654473565
round,8.88825687280707
world,7.161358037781056
wand-slim,12.965359628594664
rooted,11.92692690410068
asked,8.517193191416238
worry,9.57850969534065
getting,7.896616703691127
face,8.17360348702616
catching,11.055500617931353
home,7.344711054181673
put,7.690827167070069
big,7.667042262046627
junior,10.384754374060574
member,8.79823072114935
design,8.818298284200159
whole,8.152550077828328
closely,10.29209554357787
grown,9.969627355040672
pixieish,19.92720304186209
nature,9.25638431047759
offered,9.533304258572604
challenge,9.48609387356269
threat,10.131643645673885
fair,9.233608998915535
unloaded,13.403400907137442
played,8.679712120914012
light,8.449534542942423
dawned,13.74785190949046
set,7.851931214345828
right,6.999870567889943
small,8.034767042171945
way,6.887952651685957
things,7.505592279737757
came,8.059768344377362
bit,8.360189442606572
put,7.690827167070069
bit,8.360189442606572
made,7.091678117143066
thing,7.55211229537265
contacts,11.190841965801114
open,8.105083540589405
practically,11.074670534039074
slightest,12.042254560300778
travelled,11.558969403471636
jungle,11.235293728371948
drums,11.674268615378992
world,7.161358037781056
moving,9.161550207806751
keep,7.690827167070069
touch,9.417364541410508
owe,11.21282087251989
return,8.772085441045027
looking,7.896616703691127
models,9.808177372731803
that,4.585367558691911
looking,7.896616703691127
take,7.091678117143066
hell,8.979228651012797
great,7.183508780568644
weaving,12.571355964005509
pixieish,19.92720304186209
looks,8.381788554410035
give,7.575234712793504
quick,9.25638431047759
tightly,12.066310703155017
immaculately,15.060305356810463
painted,10.70644959910328
tight,10.199201796685172
added,8.8387768155437
contribute,10.72902392114182
evidence,8.88825687280707
giving,8.866750667586105
orders,9.832097556449456
role,8.8387768155437
defensively,13.168407315905736
broke,9.5556515572646
threat,10.131643645673885
world,7.161358037781056
growing,9.348453674105818
complete,8.979228651012797
designs,10.637456727616328
stunned,12.24898014654145
Close,8.381788554410035
breathed,13.308692955595822
taking,8.314252347419547
shape,9.854697388366697
firmly,11.512925464970229
word,8.611503870887478
life,7.161358037781056
dictated,12.91942253340764
way,6.887952651685957
admitting,11.973374881411152
bear,9.877819805787553
sucked,11.83588935156665
ebb,13.72020037815995
tide,11.399596779663224
enjoyed,10.154516307339874
made,7.091678117143066
meant,9.348453674105818
betrayed,12.066310703155017
cut,8.656455258749745
hint,11.355921716160564
set,7.851931214345828
determined,10.03816245586273
lose,9.028018815182229
model,8.910235779525845
suited,11.445266816496414
leave,8.426438828147774
immediately,9.25638431047759
designs,10.637456727616328
turn,8.473176305999463
damages,11.21282087251989
put,7.690827167070069
make,6.725433722188183
clear,8.633727007672189
close,8.381788554410035
leave,8.426438828147774
worry,9.57850969534065
score,9.601902574915355
fresher,13.76672039379484
pale,11.330603908176274
deal,8.473176305999463
vibrant,12.272212448034718
models,9.808177372731803
perched,13.261625444737836
trying,8.128535201624453
left,7.782424336165473
spewing,13.72020037815995
catching,11.055500617931353
model,8.910235779525845
leave,8.426438828147774
See,6.676643558018751
left,7.782424336165473
related,8.979228651012797
ruined,10.914088963881523
stature,12.778773673014252
make,6.725433722188183
hell,8.979228651012797
sheer,11.493122837674049
law,8.152550077828328
bound,10.455135170822372
come,7.413593361237089
piracy,12.618562368575304
ran,9.510095025662231
distracted,11.788678966556736
mop,12.91942253340764
fair,9.233608998915535
shocked,10.89234897724512
original,8.8387768155437
steal,10.5690195660631
steal,10.5690195660631
go,6.840096630508322
designs,10.637456727616328
make,6.725433722188183
slightest,12.042254560300778
copying,12.24898014654145
whole,8.152550077828328
seeds,10.86582222291169
worry,9.57850969534065
anguished,14.78309458422598
model,8.910235779525845
darkly,13.884860636099068
false,10.061311637729696
clear,8.633727007672189
interrupted,11.858236650258643
dog,8.979228651012797
justice,9.279690450110976
designs,10.637456727616328
miserable,11.355921716160564
get,6.260652036923599
rubbish,11.812680118656278
get,6.260652036923599
rid,10.362353437371407
left,7.782424336165473
expression,10.245977861482904
model,8.910235779525845
before,7.0690984293909
long,7.344711054181673
struggle,10.085009429159518
see,6.676643558018751
stirrings,15.541482286654324
power,8.01339218258721
made,7.091678117143066
strong,8.703522769607732
drunk,10.109282465515724
wine,9.808177372731803
spread,9.647296147175718
Tense,11.628336316481557
committed,10.015537056344751
clearing,11.417615285165905
golden,9.969627355040672
setting,9.739669467306731
adding,9.969627355040672
dying,10.061311637729696
sullen,14.48298999177564
dimmed,14.39176398705272
faded,12.1346826494435
gone,8.818298284200159
give,7.575234712793504
add,9.003326202591856
score,9.601902574915355
see,6.676643558018751
got,7.114779448416464
take,7.091678117143066
support,7.989510450583824
bastard,11.766528223769146
feel,7.667042262046627
tense,11.628336316481557
edgy,12.91942253340764
watched,9.854697388366697
closely,10.29209554357787
proceed,11.100815814143395
work,6.999870567889943
way,6.887952651685957
blow,10.154516307339874
take,7.091678117143066
put,7.690827167070069
Lure,12.272212448034718
trap,10.752119635936468
joker,12.110762465725848
lying,9.969627355040672
give,7.575234712793504
bait,11.858236650258643
man,7.321756718112588
beaters,14.39176398705272
making,7.966185778017415
reach,9.348453674105818
point,7.966185778017415
draw,9.647296147175718
leads,10.015537056344751
whistled,14.413347558719895
handy,11.58227554310502
took,8.034767042171945
giving,8.866750667586105
murky,13.537878821365997
pools,11.812680118656278
pushed,10.52338427135648
inky,14.736813831661973
wise,10.33735213516599
make,6.725433722188183
knows,9.053336623166516
made,7.091678117143066
shadowing,14.18367988132874
tiger,10.819778284410283
steel,9.877819805787553
jungle,11.235293728371948
radio-projected,11.627214611372356
broke,9.5556515572646
secure,10.03816245586273
back,6.812445099177812
slumped,13.74785190949046
rouse,13.584398837000888
able,8.220799178362435
get,6.260652036923599
poor,9.003326202591856
old,7.484008708070583
give,7.575234712793504
field,8.656455258749745
left,7.782424336165473
full,7.966185778017415
Make,6.725433722188183
Maharajah,15.47099240889978
waiting,9.070578429601024
tiger,10.819778284410283
pounce,13.884860636099068
tied-up,10.44134184869004
goat,11.464135300800796
darker,11.674268615378992
side,8.059768344377362
hidden,10.29209554357787
felt,8.910235779525845
physically,10.819778284410283
settle,10.66277453560062
exercise,9.946395053547404
over-imagination,11.01822922313412
feeling,8.910235779525845
tomb,11.766528223769146
interment,14.39176398705272
primitive,11.973374881411152
mistaken,11.558969403471636
sort,9.210340371976182
ceremonial,12.68733946705462
armour,12.089178894058676
gave,8.633727007672189
way,6.887952651685957
dummy,12.340747548856775
screeched,15.49751916323321
action,8.633727007672189
gave,8.633727007672189
life,7.161358037781056
made,7.091678117143066
corrected,11.628336316481557
use,7.344711054181673
get,6.260652036923599
dummy,12.340747548856775
sitting,9.533304258572604
drunken,12.29599735305816
son-of-a-bitch,10.031320924046012
made,7.091678117143066
poor,9.003326202591856
old,7.484008708070583
explosion,11.006107862601777
window,9.670789788417109
uttered,13.403400907137442
cackle,15.174189752051191
nervous,10.545941618780557
reached,9.5556515572646
searching,10.68437364740408
probe,11.536194091909582
jagged,13.537878821365997
recesses,14.344839653294825
Confronted,11.881094788334696
took,8.034767042171945
breaking,9.808177372731803
parachutist,16.11809565095832
cut,8.656455258749745
felt,8.910235779525845
Box,9.115030192171858
spy,10.959040351743791
port,9.832097556449456
stroboscopic,16.831445538835784
chameleon,13.584398837000888
caught,9.441012189711184
transceivered,19.92720304186209
take,7.091678117143066
Gently,11.330603908176274
Take,7.091678117143066
caught,9.441012189711184
lost,8.314252347419547
stand,8.88825687280707
way,6.887952651685957
dummy,12.340747548856775
long,7.344711054181673
got,7.114779448416464
toughest,12.41186755850977
number,7.782424336165473
gentle,11.120883377194204
broke,9.5556515572646
spy,10.959040351743791
port,9.832097556449456
spot,9.4639431307751
lizard,12.363896730723742
receiver,11.305911295585902
showed,9.533304258572604
line,8.082169281066529
working,8.17360348702616
searching,10.68437364740408
signs,9.877819805787553
spy,10.959040351743791
port,9.832097556449456
back,6.812445099177812
radio-projected,11.627214611372356
jerked,13.976853708373037
reckon,12.066310703155017
directing,11.74359728270523
sharp,10.40766863358345
squared,12.91942253340764
see,6.676643558018751
poor,9.003326202591856
part,7.413593361237089
averted,13.65850680915461
fiddled,15.222007626401684
got,7.114779448416464
job,8.059768344377362
neck,10.061311637729696
line,8.082169281066529
owe,11.21282087251989
flushed,13.194934070239164
controlled,10.154516307339874
manage,10.26877087101146
unlock,11.74359728270523
lot,7.806697372521679
owe,11.21282087251989
follow,8.88825687280707
rules,9.070578429601024
take,7.091678117143066
got,7.114779448416464
job,8.059768344377362
way,6.887952651685957
shifted,11.558969403471636
course,8.198739460297702
waste,9.647296147175718
secure,10.03816245586273
snapped,11.949881240169764
buy,8.473176305999463
take,7.091678117143066
contact,9.233608998915535
stage,8.979228651012797
made,7.091678117143066
gave,8.633727007672189
drum,11.258283246596648
tearing,11.995811720046978
hold,8.772085441045027
took,8.034767042171945
after,6.653113060608557
made,7.091678117143066
place,7.575234712793504
strongly,10.4311202946185
escaping,12.1346826494435
funny,9.161550207806751
little,7.484008708070583
come,7.413593361237089
over,6.725433722188183
passed,9.394263210137112
made,7.091678117143066
came,8.059768344377362
took,8.034767042171945
dark,9.115030192171858
patches,11.83588935156665
before,7.0690984293909
came,8.059768344377362
staring,11.190841965801114
nip,13.078346491987556
coming,8.29005761883249
fought,10.384754374060574
popped,11.858236650258643
took,8.034767042171945
pocket,10.40766863358345
hissing,14.09126405955078
little,7.484008708070583
before,7.0690984293909
fell,9.5556515572646
dense,11.558969403471636
humped,15.174189752051191
went,8.059768344377362
reached,9.5556515572646
tightening,13.122363377404328
half,8.266434473069054
trembling,13.194934070239164
got,7.114779448416464
range,8.932708635377903
attacking,10.845096092394574
snake,10.982297213908058
depths,12.01876354722518
free,7.75872654473565
knotted,14.115265211650325
tentacles,13.3580857109254
made,7.091678117143066
took,8.034767042171945
golden,9.969627355040672
haze,12.848526711774602
lumbered,15.705986000131489
heads,9.969627355040672
straining,13.308692955595822
half-illusory,14.301643569139893
struggled,11.493122837674049
haunts,13.308692955595822
barring,12.803909646285794
surprised,9.946395053547404
served,9.647296147175718
see,6.676643558018751
symbolically,13.884860636099068
cut,8.656455258749745
headland,14.52886044584174
give,7.575234712793504
familiar,10.109282465515724
turned,9.003326202591856
back,6.812445099177812
world,7.161358037781056
alien,10.845096092394574
territory,10.131643645673885
struggling,10.752119635936468
rose,9.624341811106634
gently,11.330603908176274
mouth,9.601902574915355
pillbox,15.58746739989615
wave-battered,12.93174301779568
lay,10.03816245586273
half-submerged,12.652359748158592
stumps,13.537878821365997
golden,9.969627355040672
crinkled,15.935774094164366
veering,14.851148047470996
lead,8.752915524937308
used,7.368204695423061
bare,11.100815814143395
straggling,16.11809565095832
struggled,11.493122837674049
keep,7.690827167070069
hold,8.772085441045027
uncompromising,13.63318900117032
pillbox,15.58746739989615
struck,10.545941618780557
desolate,13.42346847018825
vibrating,13.054704728930512
long-lost,8.633727007672189
grandiose,13.884860636099068
modern,9.053336623166516
monument,11.74359728270523
unknown,10.29209554357787
dead,8.772085441045027
spread,9.647296147175718
struck,10.545941618780557
standing,9.533304258572604
gave,8.633727007672189
recall,10.592642711826535
whole,8.152550077828328
lines,9.32575122348751
combine,11.21282087251989
remained,10.085009429159518
short,8.449534542942423
careful,10.154516307339874
strong,8.703522769607732
took,8.034767042171945
predestined,14.989924560048664
victim,10.223692816693468
secretive,13.21667405687557
swept,11.651038767099864
recalled,11.558969403471636
intellectual,10.819778284410283
mould,12.778773673014252
spark,11.536194091909582
made,7.091678117143066
held,8.656455258749745
stiffly,15.611278048589869
repelling,14.551565239535496
invaders,12.825969364350524
space,8.679712120914012
cool,8.866750667586105
brief,10.315977275581258
jarring,13.74785190949046
back,6.812445099177812
served,9.647296147175718
holding,9.4639431307751
sheathing,15.33419410712991
holding,9.4639431307751
working,8.17360348702616
fitted,11.21282087251989
high-backed,10.947611655920168
fitted,11.21282087251989
gave,8.633727007672189
catch,9.510095025662231
faint,12.01876354722518
soft,9.946395053547404
wall-mounted,11.068239643708782
mark,9.09701168666918
passing,10.061311637729696
hold,8.772085441045027
moaning,12.825969364350524
well-fed,10.368702665050067
conveyed,12.895227804820582
found,7.643809960553359
warmth,11.973374881411152
undemanding,15.911081481573994
uncensorious,19.92720304186209
go,6.840096630508322
end,7.643809960553359
Formal,10.476188580020208
make,6.725433722188183
find,7.461140517166924
encroach,14.989924560048664
share,8.752915524937308
found,7.643809960553359
whole,8.152550077828328
serious,8.979228651012797
impression,10.70644959910328
handled,10.936312100666235
gave,8.633727007672189
peaked,12.664938530365454
framed,11.74359728270523
red-gold,9.354210742395884
broad,10.29209554357787
lay,10.03816245586273
about,5.987472525838444
recalled,11.558969403471636
precarious,13.194934070239164
impulse,12.157282481360742
swathe,15.450266278382664
lay,10.03816245586273
brushed,12.501786889679218
withdrawing,12.848526711774602
small,8.034767042171945
delicate,11.493122837674049
self-containment,12.750799820971846
half-imagined,11.399596779663224
find,7.461140517166924
brief,10.315977275581258
managing,10.592642711826535
welcome,9.233608998915535
interference,11.536194091909582
lets,10.33735213516599
defences,12.803909646285794
move,8.403864506109235
give,7.575234712793504
back,6.812445099177812
red-gold,9.354210742395884
framing,12.480509491231937
secretive,13.21667405687557
sharp,10.40766863358345
wary,12.501786889679218
softer,12.571355964005509
editions,11.858236650258643
turned,9.003326202591856
broke,9.5556515572646
shy,11.141361908537746
long,7.344711054181673
found,7.643809960553359
rags,13.054704728930512
thrown,10.592642711826535
stick,9.76372561016097
contrast,10.455135170822372
over-clad,12.483144538869938
stout,12.778773673014252
imperious,14.598582446052207
anatomy,11.651038767099864
defeated,11.120883377194204
obstinately,16.022785471153995
solid,9.832097556449456
uncooperative,14.620707242332845
trying,8.128535201624453
manoeuvre,13.74785190949046
firm,9.693226627052931
smelly,13.14768118538862
poultice,15.705986000131489
gave,8.633727007672189
brief,10.315977275581258
collapsed,11.696848303131157
commanded,12.042254560300778
fall,8.910235779525845
petal,13.72020037815995
pass,9.09701168666918
found,7.643809960553359
run,8.082169281066529
giving,8.866750667586105
golden,9.969627355040672
gentle,11.120883377194204
golden,9.969627355040672
retained,11.355921716160564
habit,10.959040351743791
noting,11.512925464970229
followed,9.09701168666918
discovered,9.808177372731803
misjudged,14.344839653294825
passed,9.394263210137112
sign,9.028018815182229
considered,9.028018815182229
end,7.643809960553359
searching,10.68437364740408
trying,8.128535201624453
small,8.034767042171945
trick,10.40766863358345
miss,8.703522769607732
end,7.643809960553359
reckoned,13.21667405687557
faced,10.384754374060574
burying,13.009034692097323
sweet-smelling,12.526277909687517
let,7.829058552679836
feed,9.969627355040672
read,7.966185778017415
there,6.194805471126012
burned,10.799975657114103
aroused,13.009034692097323
fault,10.03816245586273
put,7.690827167070069
recall,10.592642711826535
changed,9.053336623166516
snapped,11.949881240169764
matter,8.334871634622283
past,8.381788554410035
returned,9.624341811106634
surged,13.815510557964274
physical,9.348453674105818
infusion,13.14768118538862
new,6.331141914678144
blood,8.979228651012797
changed,9.053336623166516
putting,9.533304258572604
mildly,12.825969364350524
make,6.725433722188183
useful,9.854697388366697
as,5.134499281318642
light,8.449534542942423
heart,8.497390564120058
host,9.739669467306731
far,8.059768344377362
show,7.643809960553359
conceded,12.363896730723742
approached,11.141361908537746
charge,9.161550207806751
lurched,15.036290480606592
lost,8.314252347419547
long,7.344711054181673
stretched,11.788678966556736
ahead,9.190537744680004
world,7.161358037781056
end,7.643809960553359
went,8.059768344377362
gone,8.818298284200159
last,7.230719165578558
intense,10.616837440413592
shorter,11.006107862601777
put,7.690827167070069
long,7.344711054181673
sign,9.028018815182229
thing,7.55211229537265
law,8.152550077828328
heart,8.497390564120058
dragged,11.512925464970229
passed,9.394263210137112
slowly,10.061311637729696
sign,9.028018815182229
lose,9.028018815182229
turned,9.003326202591856
cluster,11.536194091909582
heart,8.497390564120058
spirits,11.141361908537746
lowest,10.5690195660631
ebb,13.72020037815995
gave,8.633727007672189
sharp,10.40766863358345
compassionate,12.54856295447695
way,6.887952651685957
showed,9.533304258572604
working,8.17360348702616
direction,9.371683522384943
fall,8.910235779525845
scene,9.279690450110976
flaring,14.413347558719895
heart,8.497390564120058
come,7.413593361237089
fell,9.5556515572646
drifting,12.54856295447695
Penetrating,13.054704728930512
faint,12.01876354722518
came,8.059768344377362
Shock,10.455135170822372
made,7.091678117143066
beating,10.52338427135648
strong,8.703522769607732
long,7.344711054181673
joined,9.832097556449456
bewitching,14.873941056999552
sparking,13.63318900117032
ordered,9.808177372731803
trembled,14.851148047470996
gentle,11.120883377194204
brought,8.8387768155437
slope,11.74359728270523
union,9.028018815182229
pain,9.142681723502369
brought,8.8387768155437
following,8.152550077828328
cried,11.074670534039074
gave,8.633727007672189
slightest,12.042254560300778
sign,9.028018815182229
made,7.091678117143066
tender,11.305911295585902
end,7.643809960553359
world,7.161358037781056
see,6.676643558018751
move,8.403864506109235
stripped,11.881094788334696
leading,9.210340371976182
rough,10.384754374060574
rising,10.315977275581258
harmony,11.258283246596648
climax,12.434228738667928
came,8.059768344377362
bursting,12.68733946705462
stars,9.533304258572604
beginning,9.210340371976182
ending,9.946395053547404
world,7.161358037781056
making,7.966185778017415
sorceress,14.368895796149062
enchantress,14.714452651503816
god,7.896616703691127
allowed,9.142681723502369
left,7.782424336165473
Long,7.344711054181673
come,7.413593361237089
space,8.679712120914012
thing,7.55211229537265
make,6.725433722188183
plans,9.190537744680004
took,8.034767042171945
deuce,13.953623860093908
see,6.676643558018751
extend,10.72902392114182
take,7.091678117143066
dark,9.115030192171858
affair,10.819778284410283
refinement,13.3580857109254
trembling,13.194934070239164
half,8.266434473069054
planning,9.441012189711184
grow,9.441012189711184
plans,9.190537744680004
close,8.381788554410035
coming,8.29005761883249
matched,11.493122837674049
dreamed,12.089178894058676
scatter,12.91942253340764
magically,12.986958740398126
strewn,13.63318900117032
reached,9.5556515572646
caught,9.441012189711184
noting,11.512925464970229
strident,14.598582446052207
evaporated,13.72020037815995
face,8.17360348702616
crudely,14.459867574354789
sleekly,17.199850822560006
powerful,9.5556515572646
disguise,12.157282481360742
prying,14.115265211650325
called,7.851931214345828
Baby,8.611503870887478
infant,11.536194091909582
whip-aerials,14.707108677248058
splayed,15.060305356810463
antennae,13.795707930668094
outlandish,13.65850680915461
insect,12.066310703155017
boasted,13.308692955595822
flybridge,18.077091039562287
canopy,12.618562368575304
held,8.656455258749745
giving,8.866750667586105
appearance,9.923690259853648
padded,13.308692955595822
electric,9.854697388366697
chair,9.923690259853648
gave,8.633727007672189
bows,12.664938530365454
use,7.344711054181673
wrap-around,11.081143048544693
added,8.8387768155437
ugly,10.545941618780557
air,8.360189442606572
bare,11.100815814143395
give,7.575234712793504
strong,8.703522769607732
weakened,12.1346826494435
bite,10.799975657114103
sleekness,17.431139550338617
rule,9.348453674105818
dug,11.83588935156665
ring,9.647296147175718
bells,11.74359728270523
lazy,10.959040351743791
companionway,16.901167539046252
hell,8.979228651012797
still,7.091678117143066
restless,12.434228738667928
strong,8.703522769607732
caressing,14.459867574354789
slow,9.5556515572646
luscious,13.838779184903627
deep,9.09701168666918
whole,8.152550077828328
Lord,8.979228651012797
stroked,14.138474444560694
old,7.484008708070583
young,8.220799178362435
amused,12.594680636571915
wickedness,13.976853708373037
match,8.910235779525845
parchment,13.284882306902103
dark,9.115030192171858
put,7.690827167070069
showed,9.533304258572604
showed,9.533304258572604
liberty,10.72902392114182
dramatic,10.5690195660631
models,9.808177372731803
elegant,11.628336316481557
note,9.115030192171858
bore,11.674268615378992
bestowed,12.91942253340764
brightly,12.803909646285794
dim,12.387594522153565
hell,8.979228651012797
symptoms,10.40766863358345
small,8.034767042171945
fearful,12.480509491231937
conquer,12.042254560300778
build,9.115030192171858
transmute,15.679840720027164
carry,9.4639431307751
win,8.314252347419547
dropped,9.832097556449456
brushed,12.501786889679218
high,7.484008708070583
pale,11.330603908176274
slim,11.399596779663224
high,7.484008708070583
cold,9.161550207806751
add,9.003326202591856
lot,7.806697372521679
drew,10.455135170822372
plume,13.37725562703312
sweet,9.417364541410508
count,9.601902574915355
toy,10.819778284410283
part,7.413593361237089
turned,9.003326202591856
snake,10.982297213908058
heart,8.497390564120058
confront,11.973374881411152
cockpit,12.434228738667928
threat,10.131643645673885
calling,9.302455660883988
turn,8.473176305999463
mincemeat,15.541482286654324
filled,9.901489549873457
offered,9.533304258572604
beat,9.190537744680004
slicing,13.49342705879516
attacked,10.315977275581258
savagery,14.115265211650325
starving,11.995811720046978
bear,9.877819805787553
bows,12.664938530365454
split,10.015537056344751
retreated,12.940041820610372
fierce,11.696848303131157
painful,10.77576139899351
gave,8.633727007672189
amused,12.594680636571915
hard,7.989510450583824
going,7.045868581111772
that,4.585367558691911
room,8.314252347419547
verges,15.174189752051191
defeat,10.33735213516599
tartly,16.854150332529542
find,7.461140517166924
take,7.091678117143066
course,8.198739460297702
make,6.725433722188183
dung,13.284882306902103
beetle,12.594680636571915
Neanderthal,13.930921409475602
Maggot,14.321348640219226
horse,9.76372561016097
department,8.679712120914012
touch,9.417364541410508
great,7.183508780568644
starving,11.995811720046978
theft,11.21282087251989
spirits,11.141361908537746
forbidden,11.605040753878034
hamper,13.21667405687557
success,9.070578429601024
dry,9.808177372731803
take,7.091678117143066
produced,9.510095025662231
generous,11.055500617931353
slug,13.102560750108148
coming,8.29005761883249
taking,8.314252347419547
beam,11.190841965801114
swept,11.651038767099864
suggested,9.946395053547404
Things,7.505592279737757
prospect,11.21282087251989
plans,9.190537744680004
planned,9.923690259853648
thrash,13.471920853574195
open,8.105083540589405
long,7.344711054181673
hard,7.989510450583824
reckoned,13.21667405687557
shake,10.752119635936468
stressed,11.100815814143395
run,8.082169281066529
cover,9.028018815182229
sign,9.028018815182229
assumed,10.616837440413592
give,7.575234712793504
grief,11.330603908176274
get,6.260652036923599
hold,8.772085441045027
mean,7.989510450583824
Coming,8.29005761883249
high,7.484008708070583
see,6.676643558018751
bit,8.360189442606572
hell,8.979228651012797
means,8.198739460297702
crash,10.245977861482904
thing,7.55211229537265
clean,9.279690450110976
clean,9.279690450110976
turkey,10.223692816693468
got,7.114779448416464
cleaned,11.464135300800796
act,8.517193191416238
squad,9.969627355040672
prospect,11.21282087251989
conviction,11.190841965801114
heavy,9.302455660883988
Like,5.9638493800750085
enemy,9.901489549873457
loom,13.031609014135864
get,6.260652036923599
coming,8.29005761883249
hardest,11.281813744006842
thing,7.55211229537265
hold,8.772085441045027
hand,8.266434473069054
go,6.840096630508322
hell,8.979228651012797
hard,7.989510450583824
hard,7.989510450583824
harder,10.199201796685172
drama,9.969627355040672
lay,10.03816245586273
big,7.667042262046627
calm,10.26877087101146
long,7.344711054181673
make,6.725433722188183
helped,9.48609387356269
kick,9.854697388366697
habit,10.959040351743791
hard,7.989510450583824
got,7.114779448416464
glossed,14.69017961514761
sparking,13.63318900117032
turning,9.877819805787553
lose,9.028018815182229
came,8.059768344377362
kick,9.854697388366697
hardest,11.281813744006842
thing,7.55211229537265
trash,10.545941618780557
lets,10.33735213516599
give,7.575234712793504
spare,10.86582222291169
away,7.782424336165473
trash,10.545941618780557
tough,9.739669467306731
trash,10.545941618780557
gave,8.633727007672189
gave,8.633727007672189
richly,13.194934070239164
contagious,12.480509491231937
before,7.0690984293909
curling,12.639937228160036
specks,14.574797541028763
fade,11.83588935156665
careless,12.434228738667928
magnifies,15.405145843102195
sharpens,15.012838819571542
yielding,12.895227804820582
sigh,11.628336316481557
hiss,13.70218187265727
sliding,11.812680118656278
sleek,13.031609014135864
curl,12.618562368575304
sheared,14.94252232115408
slices,12.363896730723742
slits,14.09126405955078
path,9.877819805787553
secretiveness,17.52459271939573
prospect,11.21282087251989
betrayal,12.24898014654145
feel,7.667042262046627
close,8.381788554410035
soft,9.946395053547404
intrusion,12.848526711774602
star-studded,13.250196748914211
taken,8.449534542942423
occupied,10.77576139899351
about,5.987472525838444
whole,8.152550077828328
allowed,9.142681723502369
unwinding,14.69017961514761
came,8.059768344377362
jog,13.122363377404328
bitterness,12.778773673014252
revived,12.340747548856775
ways,9.070578429601024
underwent,12.318122149338796
curious,10.476188580020208
shrinking,12.803909646285794
subject,9.302455660883988
seemed,9.624341811106634
moved,9.190537744680004
pettish,19.92720304186209
point,7.966185778017415
true,8.29005761883249
led,8.955698153602603
Frog,11.766528223769146
Footman,14.9675236233595
put,7.690827167070069
feelings,9.877819805787553
deep,9.09701168666918
recesses,14.344839653294825
privately,11.493122837674049
get,6.260652036923599
hold,8.772085441045027
justified,11.464135300800796
shed,10.982297213908058
face,8.17360348702616
music,8.01339218258721
short,8.449534542942423
blast,10.77576139899351
tin,11.445266816496414
whistle,11.788678966556736
made,7.091678117143066
bark,11.858236650258643
bite,10.799975657114103
bite,10.799975657114103
helpless,12.226275352847694
bloody,10.86582222291169
thing,7.55211229537265
hunting,10.545941618780557
prepared,9.808177372731803
take,7.091678117143066
busy,9.78659380106463
gone,8.818298284200159
restrained,12.803909646285794
came,8.059768344377362
bypassing,13.795707930668094
considered,9.028018815182229
took,8.034767042171945
placed,9.5556515572646
hands,8.8387768155437
hung,11.030499315725937
fire,8.517193191416238
made,7.091678117143066
following,8.152550077828328
far,8.059768344377362
confined,11.92692690410068
separate,9.601902574915355
reaching,10.455135170822372
took,8.034767042171945
about,5.987472525838444
small,8.034767042171945
quiet,10.015537056344751
measured,10.936312100666235
inch,10.384754374060574
depth,10.245977861482904
answered,10.77576139899351
told,7.966185778017415
shock,10.455135170822372
thing,7.55211229537265
rubbish,11.812680118656278
taken,8.449534542942423
bloody,10.86582222291169
got,7.114779448416464
nose,10.33735213516599
went,8.059768344377362
head,8.034767042171945
took,8.034767042171945
couple,8.772085441045027
broke,9.5556515572646
so,5.710807089593166
bowing,13.471920853574195
shivering,13.49342705879516
take,7.091678117143066
held,8.656455258749745
as,5.134499281318642
iron,9.808177372731803
sheet,10.592642711826535
hard,7.989510450583824
shower,10.362353437371407
making,7.966185778017415
side,8.059768344377362
separate,9.601902574915355
point,7.966185778017415
wrench,12.965359628594664
stripped,11.881094788334696
whipping,12.986958740398126
neglect,11.995811720046978
long,7.344711054181673
dashed,13.168407315905736
seemed,9.624341811106634
float,11.651038767099864
raft,12.75772026381642
golden,9.969627355040672
mist,12.272212448034718
lay,10.03816245586273
ragged,13.37725562703312
straggling,16.11809565095832
Dirty,10.245977861482904
tumbled,13.795707930668094
shone,13.284882306902103
glazed,13.031609014135864
admitted,10.384754374060574
meant,9.348453674105818
back,6.812445099177812
tunnel,10.959040351743791
allowed,9.142681723502369
turn,8.473176305999463
uncompromising,13.63318900117032
squatted,14.94252232115408
old,7.484008708070583
men,8.034767042171945
cloaks,14.459867574354789
met,9.003326202591856
going,7.045868581111772
dropped,9.832097556449456
back,6.812445099177812
catch,9.510095025662231
catch,9.510095025662231
point,7.966185778017415
taste,9.832097556449456
Take,7.091678117143066
over,6.725433722188183
accurate,10.199201796685172
rate,8.88825687280707
presented,9.78659380106463
plans,9.190537744680004
made,7.091678117143066
hunt,10.384754374060574
felt,8.910235779525845
safe,9.053336623166516
reached,9.5556515572646
devotion,12.1346826494435
upset,10.109282465515724
making,7.966185778017415
got,7.114779448416464
got,7.114779448416464
poor,9.003326202591856
things,7.505592279737757
set,7.851931214345828
train,9.302455660883988
admitted,10.384754374060574
dying,10.061311637729696
get,6.260652036923599
pass,9.09701168666918
fresh,9.601902574915355
butt,10.86582222291169
predecessor,11.92692690410068
laced,13.14768118538862
peak,10.29209554357787
reached,9.5556515572646
came,8.059768344377362
faint,12.01876354722518
swimming,10.52338427135648
comes,8.381788554410035
light,8.449534542942423
cold,9.161550207806751
clarity,11.74359728270523
tells,9.716178454231134
lose,9.028018815182229
look,7.344711054181673
forward,8.932708635377903
branch,10.177924398237888
get,6.260652036923599
make,6.725433722188183
guidance,10.752119635936468
sweat,11.190841965801114
look,7.344711054181673
face,8.17360348702616
thing,7.55211229537265
way,6.887952651685957
copes,15.060305356810463
taken,8.449534542942423
place,7.575234712793504
side,8.059768344377362
end,7.643809960553359
reel,12.24898014654145
stagger,14.229511997094724
shock,10.455135170822372
enormous,10.936312100666235
recover,10.845096092394574
rally,10.72902392114182
stand,8.88825687280707
face,8.17360348702616
making,7.966185778017415
plans,9.190537744680004
come,7.413593361237089
come,7.413593361237089
come,7.413593361237089
assembled,11.605040753878034
laid,10.223692816693468
far,8.059768344377362
come,7.413593361237089
passages,12.24898014654145
lost,8.314252347419547
stored,11.100815814143395
limbo,13.102560750108148
retrieved,11.973374881411152
retrieval,13.054704728930512
thing,7.55211229537265
banish,13.65850680915461
slight,11.006107862601777
feeling,8.910235779525845
passage,10.89234897724512
came,8.059768344377362
way,6.887952651685957
taste,9.832097556449456
join,9.210340371976182
big,7.667042262046627
got,7.114779448416464
joined,9.832097556449456
nature,9.25638431047759
complied,13.23889719366028
come,7.413593361237089
wolf,10.70644959910328
fold,11.330603908176274
spirit,9.693226627052931
shock,10.455135170822372
great,7.183508780568644
make,6.725433722188183
sit,9.441012189711184
lot,7.806697372521679
rallied,13.194934070239164
got,7.114779448416464
together,8.152550077828328
things,7.505592279737757
got,7.114779448416464
turned,9.003326202591856
cold,9.161550207806751
rise,9.647296147175718
way,6.887952651685957
communicated,12.594680636571915
shown,9.441012189711184
part,7.413593361237089
put,7.690827167070069
cat,9.716178454231134
pigeons,12.986958740398126
made,7.091678117143066
way,6.887952651685957
lying,9.969627355040672
low,8.449534542942423
bastard,11.766528223769146
left,7.782424336165473
see,6.676643558018751
palace,10.476188580020208
subject,9.302455660883988
shock,10.455135170822372
hand,8.266434473069054
spoilt,13.584398837000888
point,7.966185778017415
help,7.484008708070583
high,7.484008708070583
subdued,12.965359628594664
air,8.360189442606572
changed,9.053336623166516
high,7.484008708070583
Baptist,11.83588935156665
going,7.045868581111772
funny,9.161550207806751
thing,7.55211229537265
looked,8.955698153602603
looking,7.896616703691127
concocted,14.298396813041023
tale,10.845096092394574
keep,7.690827167070069
keep,7.690827167070069
that,4.585367558691911
far,8.059768344377362
vital,10.637456727616328
going,7.045868581111772
set,7.851931214345828
back,6.812445099177812
account,8.72791422273189
saved,9.969627355040672
there,6.194805471126012
saw,8.426438828147774
omen,13.537878821365997
shadow,10.501324553291749
cast,9.693226627052931
point,7.966185778017415
made,7.091678117143066
feel,7.667042262046627
sick,9.48609387356269
high,7.484008708070583
spirits,11.141361908537746
immense,11.788678966556736
advances,11.330603908176274
made,7.091678117143066
there,6.194805471126012
change,7.966185778017415
point,7.966185778017415
pursuing,11.605040753878034
get,6.260652036923599
worry,9.57850969534065
coming,8.29005761883249
way,6.887952651685957
worried,10.061311637729696
whole,8.152550077828328
escaped,11.100815814143395
suppressed,12.434228738667928
jerked,13.976853708373037
felt,8.910235779525845
way,6.887952651685957
gone,8.818298284200159
song,8.611503870887478
bear,9.877819805787553
dream,9.417364541410508
stepping,11.558969403471636
set,7.851931214345828
scenario,11.074670534039074
frightening,12.272212448034718
film,8.752915524937308
movie,8.8387768155437
taken,8.449534542942423
put,7.690827167070069
top,7.896616703691127
caught,9.441012189711184
whipped,12.2040746428675
drove,10.68437364740408
pad,11.493122837674049
dull,11.651038767099864
before,7.0690984293909
golden,9.969627355040672
bathed,13.515405965513937
severe,10.223692816693468
reproachful,17.1765261499936
found,7.643809960553359
encouraging,11.190841965801114
fostering,13.009034692097323
scenario,11.074670534039074
part,7.413593361237089
shaggy,13.403400907137442
reduced,10.03816245586273
acquire,11.21282087251989
formal,10.476188580020208
training,8.79823072114935
course,8.198739460297702
creative,10.131643645673885
rigid,12.089178894058676
flexibility,11.464135300800796
flexible,11.21282087251989
design,8.818298284200159
training,8.79823072114935
courses,10.455135170822372
performance,8.8387768155437
arrived,9.693226627052931
context,10.061311637729696
mentioned,9.601902574915355
twin,10.72902392114182
get,6.260652036923599
present,8.79823072114935
proceed,11.100815814143395
creating,9.923690259853648
arrived,9.693226627052931
gain,9.647296147175718
synthesis,11.881094788334696
way,6.887952651685957
part,7.413593361237089
design,8.818298284200159
origins,11.417615285165905
made,7.091678117143066
producing,10.476188580020208
levels,9.279690450110976
assemble,12.340747548856775
network,9.161550207806751
separate,9.601902574915355
small,8.034767042171945
units,9.739669467306731
circulated,12.54856295447695
contain,10.362353437371407
production,8.88825687280707
manipulation,11.858236650258643
storage,10.199201796685172
block,9.48609387356269
facilities,9.993412260064115
find,7.461140517166924
gain,9.647296147175718
looking,7.896616703691127
include,8.72791422273189
conducts,12.710253726577497
long,7.344711054181673
arise,11.674268615378992
conducting,11.355921716160564
discussed,10.476188580020208
context,10.061311637729696
Application,9.533304258572604
Resource,10.616837440413592
central,8.932708635377903
profit­generating,19.92720304186209
asset,10.982297213908058
made,7.091678117143066
progress,9.716178454231134
around,7.437084374312687
stable,10.40766863358345
reverse,10.66277453560062
resource,10.616837440413592
consuming,11.766528223769146
form,8.497390564120058
narrow,10.616837440413592
viewpoint,12.340747548856775
desirable,11.858236650258643
keep,7.690827167070069
low,8.449534542942423
member,8.79823072114935
training,8.79823072114935
course,8.198739460297702
training,8.79823072114935
return,8.772085441045027
return,8.772085441045027
resource,10.616837440413592
reduce,9.832097556449456
resources,9.417364541410508
form,8.497390564120058
measurement,11.399596779663224
acquire,11.21282087251989
asset,10.982297213908058
level,8.266434473069054
level,8.266434473069054
together,8.152550077828328
attempt,9.5556515572646
obtain,10.592642711826535
assume,10.199201796685172
risen,11.83588935156665
level,8.266434473069054
undertaken,11.858236650258643
assumed,10.616837440413592
direct,9.417364541410508
measure,10.015537056344751
senior,9.394263210137112
fall,8.910235779525845
rise,9.647296147175718
leaves,9.693226627052931
joins,11.417615285165905
high,7.484008708070583
large,8.314252347419547
market,8.542510999400527
serious,8.979228651012797
view,8.772085441045027
high,7.484008708070583
level,8.266434473069054
give,7.575234712793504
weight,9.161550207806751
resources,9.417364541410508
scanty,15.33419410712991
asset,10.982297213908058
described,9.210340371976182
broad,10.29209554357787
state,7.413593361237089
negative,9.693226627052931
features,9.348453674105818
strikes,10.936312100666235
low,8.449534542942423
reflect,10.616837440413592
performance,8.8387768155437
level,8.266434473069054
brief,10.315977275581258
within,8.198739460297702
reduction,10.616837440413592
manipulation,11.858236650258643
situation,9.003326202591856
remedy,11.92692690410068
resources,9.417364541410508
susceptible,12.272212448034718
level,8.266434473069054
level,8.266434473069054
expressible,16.715932651713942
depress,14.138474444560694
high,7.484008708070583
levels,9.279690450110976
attitudes,11.493122837674049
emphasis,11.074670534039074
dealt,11.055500617931353
takes,8.79823072114935
make,6.725433722188183
senior,9.394263210137112
take,7.091678117143066
keep,7.690827167070069
continuous,11.030499315725937
measured,10.936312100666235
distribution,10.03816245586273
source,8.866750667586105
rectangular,12.387594522153565
distribution,10.03816245586273
mix,9.877819805787553
ageing,12.803909646285794
makes,8.152550077828328
retire,11.399596779663224
replaced,10.245977861482904
distributions,12.639937228160036
show,7.643809960553359
peak,10.29209554357787
group,7.896616703691127
large,8.314252347419547
desirable,11.858236650258643
leads,10.015537056344751
stages,10.52338427135648
large,8.314252347419547
Stable,10.40766863358345
familiarity,12.895227804820582
market,8.542510999400527
high,7.484008708070583
plant,9.4639431307751
extensive,10.384754374060574
peaks,11.812680118656278
dealt,11.055500617931353
using,8.128535201624453
fit,9.32575122348751
length,9.739669467306731
level,8.266434473069054
train,9.302455660883988
keep,7.690827167070069
nucleus,12.45710140033392
hand,8.266434473069054
keep,7.690827167070069
shifting,11.558969403471636
flexibility,11.464135300800796
force,8.679712120914012
larger,9.624341811106634
larger,9.624341811106634
Size,8.910235779525845
cushion,12.480509491231937
markets,10.109282465515724
feeling,8.910235779525845
resources,9.417364541410508
subjects,10.637456727616328
people-centred,12.664938530365454
level,8.266434473069054
makers,11.141361908537746
take,7.091678117143066
account,8.72791422273189
design,8.818298284200159
support,7.989510450583824
led,8.955698153602603
design,8.818298284200159
extensive,10.384754374060574
takes,8.79823072114935
forms,9.832097556449456
field,8.656455258749745
restricted,11.074670534039074
include,8.72791422273189
sources,9.57850969534065
here,6.977105357116931
support,7.989510450583824
situation,9.003326202591856
further,8.497390564120058
confused,10.4311202946185
support,7.989510450583824
computer-based,9.533304258572604
design,8.818298284200159
followed,9.09701168666918
simple,9.028018815182229
assumed,10.616837440413592
take,7.091678117143066
place,7.575234712793504
plant,9.4639431307751
stress,9.832097556449456
structure,9.57850969534065
reflect,10.616837440413592
things,7.505592279737757
take,7.091678117143066
form,8.497390564120058
guide,9.78659380106463
dictated,12.91942253340764
taken,8.449534542942423
situations,10.4311202946185
great,7.183508780568644
structure,9.57850969534065
mentioned,9.601902574915355
above,8.752915524937308
design,8.818298284200159
way,6.887952651685957
emerge,11.766528223769146
situation,9.003326202591856
reveals,10.72902392114182
design,8.818298284200159
access,9.09701168666918
vertical,11.169335760580152
horizontal,11.74359728270523
structure,9.57850969534065
poor,9.003326202591856
linking,11.605040753878034
points,8.679712120914012
reproduced,12.75772026381642
extensive,10.384754374060574
content,9.210340371976182
context,10.061311637729696
context,10.061311637729696
conceived,11.812680118656278
form,8.497390564120058
material,9.32575122348751
follow,8.88825687280707
steps,9.832097556449456
introduce,10.66277453560062
performance,8.8387768155437
chains,11.258283246596648
branching,13.261625444737836
step,8.910235779525845
simple,9.028018815182229
flow,9.946395053547404
regarded,10.845096092394574
design,8.818298284200159
inflexible,14.069113316763191
great,7.183508780568644
way,6.887952651685957
saying,8.360189442606572
under-used,8.145629634983754
avoid,9.510095025662231
step,8.910235779525845
reversing,12.825969364350524
steps,9.832097556449456
formal,10.476188580020208
left,7.782424336165473
contained,10.476188580020208
large,8.314252347419547
material,9.32575122348751
indirect,11.512925464970229
told,7.966185778017415
situation,9.003326202591856
base,9.09701168666918
follow,8.88825687280707
applied,9.969627355040672
material,9.32575122348751
material,9.32575122348751
context,10.061311637729696
guide,9.78659380106463
material,9.32575122348751
short,8.449534542942423
flowing,11.464135300800796
Consider,9.233608998915535
centre,9.32575122348751
Note,9.115030192171858
enormous,10.936312100666235
flexibility,11.464135300800796
tell,7.989510450583824
point,7.966185778017415
lost,8.314252347419547
make,6.725433722188183
correction,11.628336316481557
making,7.966185778017415
proceed,11.100815814143395
filtering,12.526277909687517
massive,9.854697388366697
avoid,9.510095025662231
substructure,15.519259149869615
form,8.497390564120058
features,9.348453674105818
contain,10.362353437371407
materials,9.716178454231134
warrant,10.959040351743791
design,8.818298284200159
form,8.497390564120058
form,8.497390564120058
standard,9.142681723502369
design,8.818298284200159
low,8.449534542942423
takes,8.79823072114935
end,7.643809960553359
running,8.679712120914012
regarded,10.845096092394574
design,8.818298284200159
poor,9.003326202591856
accessible,11.100815814143395
stages,10.52338427135648
served,9.647296147175718
design,8.818298284200159
divided,10.4311202946185
parts,9.053336623166516
part,7.413593361237089
introduction,10.315977275581258
structure,9.57850969534065
limits,10.4311202946185
followed,9.09701168666918
section,9.210340371976182
set,7.851931214345828
place,7.575234712793504
working,8.17360348702616
power,8.01339218258721
emphasis,11.074670534039074
section,9.210340371976182
describing,10.982297213908058
cover,9.028018815182229
Extensive,10.384754374060574
desirable,11.858236650258643
short,8.449534542942423
section,9.210340371976182
symptoms,10.40766863358345
Faults/Reasons/Remedies,12.818561923072664
deal,8.473176305999463
assume,10.199201796685172
forced,9.601902574915355
consider,9.233608998915535
contents,11.100815814143395
Framework,10.845096092394574
Model,8.910235779525845
Link,9.233608998915535
Introduction,10.315977275581258
steady,10.799975657114103
play,7.806697372521679
role,8.8387768155437
subject,9.302455660883988
collection,9.302455660883988
separate,9.601902574915355
pieces,9.854697388366697
synthesizing,14.804371982673263
power,8.01339218258721
models,9.808177372731803
far,8.059768344377362
go,6.840096630508322
lonely,10.936312100666235
isolation,11.464135300800796
strong,8.703522769607732
world,7.161358037781056
interest,8.818298284200159
saw,8.426438828147774
undemanding,15.911081481573994
appealing,11.628336316481557
moving,9.161550207806751
turbulence,12.54856295447695
leave,8.426438828147774
open,8.105083540589405
questions,8.866750667586105
mechanisms,11.445266816496414
operate,10.362353437371407
Arising,12.157282481360742
model,8.910235779525845
association,9.190537744680004
interest,8.818298284200159
take,7.091678117143066
note,9.115030192171858
features,9.348453674105818
small,8.034767042171945
made,7.091678117143066
show,7.643809960553359
clear,8.633727007672189
mature,10.86582222291169
take,7.091678117143066
seen,8.01339218258721
found,7.643809960553359
rigid,12.089178894058676
low,8.449534542942423
high,7.484008708070583
proportion,11.258283246596648
attracted,10.799975657114103
steady,10.799975657114103
interest,8.818298284200159
extends,11.536194091909582
contrast,10.455135170822372
express,9.946395053547404
interest,8.818298284200159
swing,10.72902392114182
middle,8.79823072114935
come,7.413593361237089
pupils,11.100815814143395
part,7.413593361237089
responses,10.845096092394574
subjects,10.637456727616328
take,7.091678117143066
mature,10.86582222291169
attitude,10.177924398237888
seeing,9.115030192171858
nature,9.25638431047759
stem,10.819778284410283
produce,9.716178454231134
responses,10.845096092394574
go,6.840096630508322
patch,11.055500617931353
produce,9.716178454231134
seen,8.01339218258721
source,8.866750667586105
contrast,10.455135170822372
firmer,13.884860636099068
clearer,12.1346826494435
showing,9.48609387356269
stems,11.904487667909402
felt,8.910235779525845
give,7.575234712793504
find,7.461140517166924
views,9.601902574915355
take,7.091678117143066
view,8.772085441045027
stem,10.819778284410283
join,9.210340371976182
gave,8.633727007672189
contrast,10.455135170822372
ways,9.070578429601024
possess,11.464135300800796
suggested,9.946395053547404
model,8.910235779525845
subject,9.302455660883988
model,8.910235779525845
suggests,10.384754374060574
phases,11.904487667909402
faces,10.154516307339874
moving,9.161550207806751
phase,10.03816245586273
acquisition,10.914088963881523
clear,8.633727007672189
end,7.643809960553359
make,6.725433722188183
shaped,10.637456727616328
arise,11.674268615378992
context,10.061311637729696
dominates,12.895227804820582
clear,8.633727007672189
clear,8.633727007672189
put,7.690827167070069
detail,10.199201796685172
model,8.910235779525845
going,7.045868581111772
ego-diffusion,13.107474764910576
condition,9.533304258572604
crisis,10.085009429159518
Crisis,10.085009429159518
context,10.061311637729696
describes,10.592642711826535
self-examination,11.01215017705774
values,9.969627355040672
means,8.198739460297702
acquired,10.592642711826535
clear,8.633727007672189
firm,9.693226627052931
indicates,10.959040351743791
routes,11.074670534039074
crisis,10.085009429159518
progress,9.716178454231134
route,9.969627355040672
self-examination,11.01215017705774
fluid,11.006107862601777
acquiring,11.973374881411152
route,9.969627355040672
hold,8.772085441045027
values,9.969627355040672
taken,8.449534542942423
condition,9.533304258572604
foreclosure,12.871604659057146
crisis,10.085009429159518
self-examination,11.01215017705774
route,9.969627355040672
foreclosure,12.871604659057146
offer,9.09701168666918
escape,10.03816245586273
route,9.969627355040672
self-examination,11.01215017705774
clinging,12.986958740398126
rigidly,14.437267742437546
values,9.969627355040672
route,9.969627355040672
make,6.725433722188183
link,9.233608998915535
model,8.910235779525845
subject,9.302455660883988
foreclosure,12.871604659057146
stage,8.979228651012797
offer,9.09701168666918
win,8.314252347419547
regard,10.68437364740408
soft,9.946395053547404
image,9.348453674105818
makes,8.152550077828328
demand,9.57850969534065
offer,9.09701168666918
clear,8.633727007672189
answers,10.131643645673885
permit,11.006107862601777
reinforce,12.24898014654145
foreclosure,12.871604659057146
stage,8.979228651012797
situation,9.003326202591856
roles,10.501324553291749
go,6.840096630508322
image,9.348453674105818
attracts,12.363896730723742
foreclosure,12.871604659057146
stage,8.979228651012797
enter,9.647296147175718
model,8.910235779525845
stage,8.979228651012797
attracted,10.799975657114103
presented,9.78659380106463
stage,8.979228651012797
seen,8.01339218258721
contribute,10.72902392114182
proportion,11.258283246596648
stage,8.979228651012797
choose,9.417364541410508
entering,10.545941618780557
stage,8.979228651012797
self-examination,11.01215017705774
make,6.725433722188183
reached,9.5556515572646
stage,8.979228651012797
pupils,11.100815814143395
make,6.725433722188183
subject,9.302455660883988
model,8.910235779525845
explain,9.4639431307751
observations,11.464135300800796
large,8.314252347419547
foreclosure,12.871604659057146
stage,8.979228651012797
attracted,10.799975657114103
drift,11.92692690410068
away,7.782424336165473
crisis,10.085009429159518
foreclosure,12.871604659057146
stage,8.979228651012797
yield,11.141361908537746
rigid,12.089178894058676
attitudes,11.493122837674049
enter,9.647296147175718
foreclosure,12.871604659057146
Changes,8.932708635377903
model,8.910235779525845
linking,11.605040753878034
subject,9.302455660883988
allows,9.969627355040672
make,6.725433722188183
pupils,11.100815814143395
react,11.141361908537746
changes,8.932708635377903
consider,9.233608998915535
changes,8.932708635377903
subject,9.302455660883988
pupils,11.100815814143395
make,6.725433722188183
subject,9.302455660883988
range,8.932708635377903
reversed,11.788678966556736
great,7.183508780568644
make,6.725433722188183
foreclosure,12.871604659057146
pupils,11.100815814143395
cut,8.656455258749745
reached,9.5556515572646
stage,8.979228651012797
proportion,11.258283246596648
go,6.840096630508322
reduction,10.616837440413592
stay,8.449534542942423
subject,9.302455660883988
flexible,11.21282087251989
met,9.003326202591856
Giving,8.866750667586105
image,9.348453674105818
showing,9.48609387356269
change,7.966185778017415
image,9.348453674105818
make,6.725433722188183
foreclosure,12.871604659057146
stage,8.979228651012797
drift,11.92692690410068
away,7.782424336165473
reach,9.348453674105818
crisis,10.085009429159518
change,7.966185778017415
image,9.348453674105818
Emphasizing,12.986958740398126
applications,10.03816245586273
possessing,12.41186755850977
flexible,11.21282087251989
make,6.725433722188183
stage,8.979228651012797
seen,8.01339218258721
presented,9.78659380106463
context,10.061311637729696
approach,9.371683522384943
application,9.533304258572604
interaction,10.845096092394574
suggests,10.384754374060574
elements,9.901489549873457
attractive,10.29209554357787
change,7.966185778017415
fashion,9.624341811106634
preserve,11.074670534039074
character,8.955698153602603
pruning,13.70218187265727
cover,9.028018815182229
subjects,10.637456727616328
cover,9.028018815182229
make,6.725433722188183
coming,8.29005761883249
advocating,12.363896730723742
changes,8.932708635377903
formal,10.476188580020208
model,8.910235779525845
reduce,9.832097556449456
encapsulation,14.714452651503816
recruit,11.766528223769146
changes,8.932708635377903
take,7.091678117143066
take,7.091678117143066
Over,6.725433722188183
entries,11.305911295585902
subjects,10.637456727616328
means,8.198739460297702
wide,9.302455660883988
range,8.932708635377903
courses,10.455135170822372
higher,8.79823072114935
entry,9.969627355040672
occupations,12.803909646285794
base,9.09701168666918
means,8.198739460297702
control,8.29005761883249
consider,9.233608998915535
neutral,10.959040351743791
way,6.887952651685957
reinforces,13.261625444737836
challenge,9.48609387356269
aspects,10.362353437371407
addressing,11.37316352259507
took,8.034767042171945
investigated,11.190841965801114
collaborated,12.965359628594664
designed,9.302455660883988
attitudes,11.493122837674049
subjects,10.637456727616328
controls,10.5690195660631
attitude,10.177924398237888
took,8.034767042171945
place,7.575234712793504
approach,9.371683522384943
find,7.461140517166924
recognized,10.315977275581258
start,7.921107723699423
spent,9.161550207806751
elsewhere,10.455135170822372
attitudes,11.493122837674049
subject,9.302455660883988
change,7.966185778017415
attitudes,11.493122837674049
Pupils,11.100815814143395
pupils,11.100815814143395
control,8.29005761883249
attitudes,11.493122837674049
define,10.799975657114103
change,7.966185778017415
attitudes,11.493122837674049
admit,10.177924398237888
reflect,10.616837440413592
admit,10.177924398237888
constructed,10.845096092394574
based,8.034767042171945
see,6.676643558018751
shift,10.199201796685172
locating,12.825969364350524
change,7.966185778017415
nature,9.25638431047759
meant,9.348453674105818
appeal,9.969627355040672
interests,9.993412260064115
Making,7.966185778017415
designed,9.302455660883988
make,6.725433722188183
tried,8.8387768155437
build,9.115030192171858
interests,9.993412260064115
changing,9.76372561016097
patterns,10.5690195660631
largest,9.441012189711184
scale,9.601902574915355
aspect,10.5690195660631
covered,9.601902574915355
made,7.091678117143066
ways,9.070578429601024
attractive,10.29209554357787
image,9.348453674105818
concentrated,11.605040753878034
applications,10.03816245586273
element,10.455135170822372
reactions,10.959040351743791
include,8.72791422273189
applications,10.03816245586273
survey,9.923690259853648
attitudes,11.493122837674049
helped,9.48609387356269
here,6.977105357116931
shown,9.441012189711184
approach,9.371683522384943
home,7.344711054181673
starter,11.464135300800796
survey,9.923690259853648
asked,8.517193191416238
told,7.966185778017415
interests,9.993412260064115
meet,8.589763884251074
showed,9.533304258572604
keen,11.21282087251989
Over,6.725433722188183
over,6.725433722188183
work,6.999870567889943
makes,8.152550077828328
structured,11.92692690410068
interests,9.993412260064115
keener,14.666481823717788
work,6.999870567889943
build,9.115030192171858
overlapping,12.526277909687517
interests,9.993412260064115
features,9.348453674105818
attractive,10.29209554357787
parts,9.053336623166516
approached,11.141361908537746
interests,9.993412260064115
action,8.633727007672189
approaches,10.936312100666235
double,9.190537744680004
indicate,10.70644959910328
features,9.348453674105818
builds,11.628336316481557
interests,9.993412260064115
encourages,11.881094788334696
see,6.676643558018751
includes,9.302455660883988
applications,10.03816245586273
ran,9.510095025662231
struck,10.545941618780557
large,8.314252347419547
interests,9.993412260064115
brought,8.8387768155437
far,8.059768344377362
connection,9.76372561016097
interest,8.818298284200159
planned,9.923690259853648
see,6.676643558018751
largest,9.441012189711184
changes,8.932708635377903
attitude,10.177924398237888
vital,10.637456727616328
come,7.413593361237089
see,6.676643558018751
packaging,11.605040753878034
resources,9.417364541410508
removed,9.693226627052931
sees,10.154516307339874
distinct,10.845096092394574
pupils,11.100815814143395
packaged,12.618562368575304
presented,9.78659380106463
appeal,9.969627355040672
operate,10.362353437371407
reconstruct,13.308692955595822
world,7.161358037781056
view,8.772085441045027
above,8.752915524937308
balance,9.76372561016097
followed,9.09701168666918
repackaging,15.58746739989615
remove,9.877819805787553
appeal,9.969627355040672
showed,9.533304258572604
comes,8.381788554410035
defined,10.223692816693468
point,7.966185778017415
sustained,11.074670534039074
clinging,12.986958740398126
narrow,10.616837440413592
impact,9.394263210137112
focus,9.210340371976182
version,9.053336623166516
meet,8.589763884251074
extended,10.03816245586273
see,6.676643558018751
approach,9.371683522384943
discover,10.616837440413592
found,7.643809960553359
higher,8.79823072114935
under,7.52951246345541
account,8.72791422273189
way,6.887952651685957
perceived,11.141361908537746
under,7.52951246345541
barriers,11.493122837674049
attitudes,11.493122837674049
systems,9.053336623166516
encountered,11.37316352259507
section,9.210340371976182
provides,9.670789788417109
section,9.210340371976182
describes,10.592642711826535
clear,8.633727007672189
section,9.210340371976182
looks,8.381788554410035
section,9.210340371976182
examines,12.45710140033392
formidable,12.318122149338796
barriers,11.493122837674049
cuts,10.545941618780557
demise,12.29599735305816
concludes,12.066310703155017
mixture,11.100815814143395
BACKGROUND,9.739669467306731
under,7.52951246345541
about,5.987472525838444
offered,9.533304258572604
free,7.75872654473565
up to,6.0968250627658085
wide,9.302455660883988
range,8.932708635377903
roll,9.78659380106463
fall,8.910235779525845
seen,8.01339218258721
resource,10.616837440413592
ran,9.510095025662231
free,7.75872654473565
small,8.034767042171945
emerged,11.141361908537746
supported,9.946395053547404
under,7.52951246345541
wide,9.302455660883988
range,8.932708635377903
backgrounds,11.995811720046978
this,5.019171625118542
reflected,11.235293728371948
background,9.739669467306731
designed,9.302455660883988
designed,9.302455660883988
fought,10.384754374060574
resource,10.616837440413592
reduced,10.03816245586273
network,9.161550207806751
coordinate,11.92692690410068
took,8.034767042171945
place,7.575234712793504
attitudes,11.493122837674049
member,8.79823072114935
course,8.198739460297702
aim,10.33735213516599
fullest,12.710253726577497
operating,9.78659380106463
gave,8.633727007672189
support,7.989510450583824
saw,8.426438828147774
contact,9.233608998915535
steering,11.674268615378992
under,7.52951246345541
covered,9.601902574915355
access,9.09701168666918
resources,9.417364541410508
support,7.989510450583824
arose,12.1346826494435
under,7.52951246345541
drawing,10.177924398237888
system,7.921107723699423
stage,8.979228651012797
step,8.910235779525845
attached,10.315977275581258
closely,10.29209554357787
controlling,11.120883377194204
access,9.09701168666918
take,7.091678117143066
network,9.161550207806751
made,7.091678117143066
broader,11.493122837674049
aim,10.33735213516599
led,8.955698153602603
set,7.851931214345828
network,9.161550207806751
coordinated,11.995811720046978
support,7.989510450583824
resources,9.417364541410508
made,7.091678117143066
resources,9.417364541410508
designed,9.302455660883988
confirmed,9.969627355040672
given,8.266434473069054
fight,8.679712120914012
hard,7.989510450583824
part,7.413593361237089
feel,7.667042262046627
range,8.932708635377903
felt,8.910235779525845
given,8.266434473069054
fought,10.384754374060574
hard,7.989510450583824
get,6.260652036923599
go,6.840096630508322
went,8.059768344377362
ahead,9.190537744680004
fight,8.679712120914012
step,8.910235779525845
way,6.887952651685957
flexible,11.21282087251989
way,6.887952651685957
worried,10.061311637729696
lead,8.752915524937308
widely,10.26877087101146
made,7.091678117143066
informed,10.476188580020208
produced,9.510095025662231
member,8.79823072114935
generate,11.006107862601777
Under,7.52951246345541
under,7.52951246345541
look,7.344711054181673
produce,9.716178454231134
came,8.059768344377362
About,5.987472525838444
held,8.656455258749745
sources,9.57850969534065
made,7.091678117143066
system,7.921107723699423
covering,10.476188580020208
resources,9.417364541410508
considered,9.028018815182229
access,9.09701168666918
greater,9.441012189711184
resources,9.417364541410508
reflect,10.616837440413592
backgrounds,11.995811720046978
environment,9.510095025662231
express,9.946395053547404
consciousness,11.21282087251989
made,7.091678117143066
clear,8.633727007672189
above,8.752915524937308
areas,8.866750667586105
felt,8.910235779525845
attitudes,11.493122837674049
ruled,10.819778284410283
machines,10.455135170822372
offered,9.533304258572604
elements,9.901489549873457
appear,9.5556515572646
here,6.977105357116931
inclined,11.812680118656278
seen,8.01339218258721
preserve,11.074670534039074
broke,9.5556515572646
confronts,13.3580857109254
face,8.17360348702616
balance,9.76372561016097
intimately,13.261625444737836
bound,10.455135170822372
survive,10.315977275581258
sense,8.772085441045027
said,6.887952651685957
making,7.966185778017415
relationship,8.866750667586105
fostered,13.42346847018825
masked,12.318122149338796
power,8.01339218258721
taught,9.946395053547404
connection,9.76372561016097
here,6.977105357116931
indicated,10.72902392114182
followed,9.09701168666918
unite,11.74359728270523
relocate,12.803909646285794
reconcile,12.664938530365454
make,6.725433722188183
given,8.266434473069054
transmitted,11.812680118656278
shift,10.199201796685172
end,7.643809960553359
include,8.72791422273189
articulate,12.571355964005509
extent,10.4311202946185
returning,10.384754374060574
retrieve,12.226275352847694
subject,9.302455660883988
goes,8.703522769607732
together,8.152550077828328
get,6.260652036923599
systems,9.053336623166516
stress,9.832097556449456
role,8.8387768155437
subject,9.302455660883988
finds,10.109282465515724
prepared,9.808177372731803
progress,9.716178454231134
narrative,10.616837440413592
class-struggle,10.251627594025024
return,8.772085441045027
subject,9.302455660883988
thing,7.55211229537265
leaves,9.693226627052931
link,9.233608998915535
agent,9.647296147175718
take,7.091678117143066
put,7.690827167070069
made,7.091678117143066
felt,8.910235779525845
make,6.725433722188183
makes,8.152550077828328
considered,9.028018815182229
takes,8.79823072114935
way,6.887952651685957
eliminating,11.995811720046978
making,7.966185778017415
passive,11.445266816496414
product,9.32575122348751
follow,8.88825687280707
dropping,10.752119635936468
movement,9.279690450110976
produce,9.716178454231134
material,9.32575122348751
practico-inert,19.92720304186209
deftly,14.160821743252692
uniting,13.102560750108148
neatly,12.68733946705462
solves,13.14768118538862
make,6.725433722188183
makes,8.152550077828328
answer,8.818298284200159
larger,9.624341811106634
products,9.115030192171858
blind,10.315977275581258
movements,10.70644959910328
say,7.161358037781056
answer,8.818298284200159
separate,9.601902574915355
antagonistic,13.76672039379484
yield,11.141361908537746
lead,8.752915524937308
progress,9.716178454231134
direction,9.371683522384943
whole,8.152550077828328
law,8.152550077828328
powerful,9.5556515572646
force,8.679712120914012
revealing,11.58227554310502
continuously,11.58227554310502
produced,9.510095025662231
turn,8.473176305999463
part,7.413593361237089
broader,11.493122837674049
law,8.152550077828328
works,8.542510999400527
level,8.266434473069054
produces,11.074670534039074
law,8.152550077828328
impose,11.696848303131157
woven,12.526277909687517
show,7.643809960553359
force,8.679712120914012
produces,11.074670534039074
direction,9.371683522384943
shifting,11.558969403471636
law,8.152550077828328
hidden,10.29209554357787
made,7.091678117143066
political,8.542510999400527
unconscious,11.651038767099864
hand,8.266434473069054
conscious,11.100815814143395
conscious,11.100815814143395
subject,9.302455660883988
understand,8.360189442606572
recognize,10.315977275581258
suggests,10.384754374060574
tones,12.066310703155017
take,7.091678117143066
forms,9.832097556449456
struggle,10.085009429159518
admits,11.651038767099864
divorce,10.68437364740408
clear,8.633727007672189
masses,11.651038767099864
detour,13.3580857109254
descent,11.674268615378992
unconscious,11.651038767099864
dream-work,9.503370050754558
eluded,14.0225347273986
reading,8.88825687280707
make,6.725433722188183
recognition,10.4311202946185
seen,8.01339218258721
combine,11.21282087251989
make,6.725433722188183
account,8.72791422273189
sets,9.923690259853648
articulation,13.608496388579947
elements,9.901489549873457
save,8.88825687280707
detour,13.3580857109254
remains,9.670789788417109
produced,9.510095025662231
initiating,12.940041820610372
internally,12.089178894058676
inner,10.362353437371407
moving,9.161550207806751
aimed,10.936312100666235
destroying,11.305911295585902
double,9.190537744680004
negation,14.18367988132874
aims,11.030499315725937
destroyed,10.109282465515724
aim,10.33735213516599
arrives,11.258283246596648
end,7.643809960553359
show,7.643809960553359
make,6.725433722188183
Throughout,9.233608998915535
taken,8.449534542942423
assumed,10.616837440413592
projecting,12.480509491231937
forwards,11.949881240169764
comes,8.381788554410035
turns,9.76372561016097
rest,8.679712120914012
true,8.29005761883249
produces,11.074670534039074
persuasive,12.871604659057146
formulation,12.710253726577497
relation,10.799975657114103
practico-inert,19.92720304186209
larger,9.624341811106634
seen,8.01339218258721
demonstration,11.37316352259507
whole,8.152550077828328
naturally,10.40766863358345
operative,11.83588935156665
movement,9.279690450110976
produces,11.074670534039074
goes,8.703522769607732
dispensing,13.608496388579947
schemas,15.174189752051191
matching,11.281813744006842
account,8.72791422273189
derived,10.845096092394574
negation,14.18367988132874
products,9.115030192171858
residues,13.23889719366028
combatants,13.308692955595822
encounters,11.512925464970229
products,9.115030192171858
bearing,11.006107862601777
witness,10.315977275581258
side,8.059768344377362
aims,11.030499315725937
destroy,10.315977275581258
perspective,10.223692816693468
encounter,10.914088963881523
objects,10.33735213516599
means,8.198739460297702
lead,8.752915524937308
internal,9.993412260064115
structure,9.57850969534065
objects,10.33735213516599
contains,9.946395053547404
negation,14.18367988132874
part,7.413593361237089
agents,10.245977861482904
movements,10.70644959910328
ensembles,13.838779184903627
afar,13.009034692097323
appear,9.5556515572646
whole,8.152550077828328
close,8.381788554410035
seen,8.01339218258721
riddled,13.37725562703312
holes,10.70644959910328
comes,8.381788554410035
account,8.72791422273189
context,10.061311637729696
formulation,12.710253726577497
force,8.679712120914012
structure,9.57850969534065
negation,14.18367988132874
means,8.198739460297702
true,8.29005761883249
decomposes,15.197812897814629
relationship,8.866750667586105
struggle,10.085009429159518
negation,14.18367988132874
adversary,13.14768118538862
design,8.818298284200159
showing,9.48609387356269
here,6.977105357116931
full,7.966185778017415
goal,9.070578429601024
ensemble,12.157282481360742
torn,11.330603908176274
apart,9.716178454231134
reduced,10.03816245586273
breaks,10.455135170822372
carried,9.739669467306731
movement,9.279690450110976
ensemble,12.157282481360742
point,7.966185778017415
confronts,13.3580857109254
whole,8.152550077828328
negation,14.18367988132874
negation,14.18367988132874
affirmation,13.261625444737836
break,8.79823072114935
direction,9.371683522384943
discerned,14.82886300268156
reaction,9.832097556449456
threat,10.131643645673885
negation,14.18367988132874
negation,14.18367988132874
produce,9.716178454231134
introduce,10.66277453560062
force,8.679712120914012
incarnates,16.694349080046766
operates,11.21282087251989
ensemble,12.157282481360742
ensemble,12.157282481360742
richness,13.21667405687557
drawn,10.29209554357787
works,8.542510999400527
relation,10.799975657114103
structured,11.92692690410068
familiar,10.109282465515724
model,8.910235779525845
organic,10.592642711826535
growth,9.142681723502369
makes,8.152550077828328
puts,10.29209554357787
part,7.413593361237089
present,8.79823072114935
begs,12.940041820610372
assertion,12.363896730723742
struggles,11.330603908176274
incarnate,13.838779184903627
avoid,9.510095025662231
presumes,14.759686493327964
strategy,9.808177372731803
marks,10.384754374060574
structure,9.57850969534065
retreats,13.443947001531791
end,7.643809960553359
brings,10.109282465515724
demonstrates,11.83588935156665
works,8.542510999400527
appealing,11.628336316481557
concrete,10.501324553291749
reproduce,12.363896730723742
adversaries,13.333084408719982
takes,8.79823072114935
incarnation,12.848526711774602
part,7.413593361237089
framework,10.845096092394574
sense,8.772085441045027
incarnation,12.848526711774602
rules,9.070578429601024
follows,9.647296147175718
sets,9.923690259853648
shape,9.854697388366697
here,6.977105357116931
end,7.643809960553359
closure,11.258283246596648
mediation,12.639937228160036
parts,9.053336623166516
level,8.266434473069054
victories,11.904487667909402
defeats,12.180404898781596
structure,9.57850969534065
level,8.266434473069054
articulates,14.804371982673263
framework,10.845096092394574
allows,9.969627355040672
include,8.72791422273189
realize,9.601902574915355
produces,11.074670534039074
incarnation,12.848526711774602
pure,10.03816245586273
direction,9.371683522384943
makes,8.152550077828328
larger,9.624341811106634
works,8.542510999400527
considers,11.445266816496414
incarnation,12.848526711774602
struggle,10.085009429159518
fissures,14.437267742437546
movement,9.279690450110976
incarnates,16.694349080046766
enveloping,14.666481823717788
enveloping,14.666481823717788
conceive,12.895227804820582
incarnation,12.848526711774602
make,6.725433722188183
part,7.413593361237089
define,10.799975657114103
model,8.910235779525845
got,7.114779448416464
further,8.497390564120058
show,7.643809960553359
takes,8.79823072114935
incarnation,12.848526711774602
conducted,10.177924398237888
rules,9.070578429601024
take,7.091678117143066
system,7.921107723699423
suggests,10.384754374060574
appeal,9.969627355040672
lost,8.314252347419547
paradise,11.141361908537746
struggle,10.085009429159518
make,6.725433722188183
shown,9.441012189711184
take,7.091678117143066
part,7.413593361237089
larger,9.624341811106634
work,6.999870567889943
struggle,10.085009429159518
admits,11.651038767099864
finds,10.109282465515724
returns,10.131643645673885
backtracks,16.256208953087953
assumes,12.01876354722518
larger,9.624341811106634
takes,8.79823072114935
announces,11.651038767099864
proceed,11.100815814143395
turns,9.76372561016097
stage,8.979228651012797
way,6.887952651685957
accompanied,10.936312100666235
symptomatic,13.608496388579947
formed,9.946395053547404
object,10.223692816693468
point,7.966185778017415
whole,8.152550077828328
open,8.105083540589405
deeply,10.501324553291749
virtues,12.710253726577497
replace,10.177924398237888
goes,8.703522769607732
extent,10.4311202946185
Here,6.977105357116931
assume,10.199201796685172
quickly,9.210340371976182
taken,8.449534542942423
further,8.497390564120058
formal,10.476188580020208
articulation,13.608496388579947
separate,9.601902574915355
celebrated,10.959040351743791
highlights,10.86582222291169
force,8.679712120914012
punishing,12.664938530365454
fruit,10.199201796685172
increasing,9.946395053547404
vulnerability,12.2040746428675
demanded,11.235293728371948
hand,8.266434473069054
restricted,11.074670534039074
net,9.76372561016097
generation,9.624341811106634
curtain,11.83588935156665
copied,11.995811720046978
great,7.183508780568644
feared,11.651038767099864
revealing,11.58227554310502
situation,9.003326202591856
increasing,9.946395053547404
burden,10.982297213908058
supplied,10.959040351743791
grew,9.923690259853648
free,7.75872654473565
maintained,10.637456727616328
charge,9.161550207806751
open,8.105083540589405
form,8.497390564120058
backing,10.982297213908058
source,8.866750667586105
expanding,11.120883377194204
forced,9.601902574915355
large,8.314252347419547
eyes,8.72791422273189
end,7.643809960553359
value,8.866750667586105
shields,11.812680118656278
shelter,10.936312100666235
launched,10.061311637729696
charge,9.161550207806751
meant,9.348453674105818
liable,11.766528223769146
scale,9.601902574915355
bore,11.674268615378992
sharpened,13.65850680915461
application,9.533304258572604
fruit,10.199201796685172
amplified,13.031609014135864
aim,10.33735213516599
perceived,11.141361908537746
service,8.082169281066529
reapplication,16.73985283543159
weapon,10.26877087101146
suggested,9.946395053547404
service,8.082169281066529
commit,10.752119635936468
melt,11.605040753878034
away,7.782424336165473
contrast,10.455135170822372
united,8.128535201624453
front,8.563237129917644
bestowed,12.91942253340764
cause,8.403864506109235
assumed,10.616837440413592
cripplingly,16.945917734844866
goes,8.703522769607732
way,6.887952651685957
complicated,10.4311202946185
half,8.266434473069054
smouldered,17.31542391256559
long,7.344711054181673
short,8.449534542942423
sharp,10.40766863358345
covered,9.601902574915355
inaugurated,13.078346491987556
great,7.183508780568644
outlived,14.39176398705272
large,8.314252347419547
pattern,10.223692816693468
offered,9.533304258572604
take,7.091678117143066
application,9.533304258572604
wider,10.959040351743791
canvas,11.605040753878034
made,7.091678117143066
join,9.210340371976182
core,9.832097556449456
households,11.21282087251989
system,7.921107723699423
offers,9.808177372731803
glimpse,11.949881240169764
strong,8.703522769607732
bonds,10.89234897724512
household,10.4311202946185
high,7.484008708070583
level,8.266434473069054
maintained,10.637456727616328
came,8.059768344377362
naturally,10.40766863358345
highest,9.533304258572604
environment,9.510095025662231
flourished,13.078346491987556
symbol,10.799975657114103
debated,12.434228738667928
way,6.887952651685957
displaying,12.24898014654145
finer,12.895227804820582
points,8.679712120914012
maintenance,10.245977861482904
outlet,11.512925464970229
maintain,10.015537056344751
flourished,13.078346491987556
offered,9.533304258572604
great,7.183508780568644
position,8.72791422273189
caught,9.441012189711184
eye,9.161550207806751
lustre,13.884860636099068
background,9.739669467306731
goes,8.703522769607732
way,6.887952651685957
aspects,10.362353437371407
magnetism,13.74785190949046
drew,10.455135170822372
take,7.091678117143066
cross,9.210340371976182
launching,11.536194091909582
presented,9.78659380106463
movement,9.279690450110976
campaign,9.210340371976182
promote,10.223692816693468
free,7.75872654473565
guardianship,13.976853708373037
restore,11.100815814143395
saw,8.426438828147774
fullest,12.710253726577497
sense,8.772085441045027
term,8.679712120914012
regarded,10.845096092394574
responded,10.914088963881523
call,8.034767042171945
members,8.403864506109235
households,11.21282087251989
fell,9.5556515572646
automatically,10.315977275581258
stuff,8.88825687280707
shared,9.946395053547404
conviction,11.190841965801114
large,8.314252347419547
leap,11.651038767099864
vision,10.061311637729696
extension,10.455135170822372
eyes,8.72791422273189
impress,11.674268615378992
soared,13.675748615589116
skies,11.719949634404555
expunged,14.574797541028763
harped,16.60098190603507
mark,9.09701168666918
position,8.72791422273189
stretched,11.788678966556736
connections,10.77576139899351
find,7.461140517166924
change,7.966185778017415
strengthened,12.226275352847694
shaky,12.778773673014252
position,8.72791422273189
attached,10.315977275581258
remote,10.5690195660631
connection,9.76372561016097
gave,8.633727007672189
viewed,10.799975657114103
mixed,10.03816245586273
feelings,9.877819805787553
crowned,12.318122149338796
elevation,11.74359728270523
high,7.484008708070583
promoted,11.169335760580152
products,9.115030192171858
system,7.921107723699423
product,9.32575122348751
divided,10.4311202946185
balance,9.76372561016097
sacrifice,10.845096092394574
threatened,10.68437364740408
lured,13.21667405687557
freeing,12.895227804820582
necessity,11.719949634404555
disintegrated,13.90762584687208
serious,8.979228651012797
stable,10.40766863358345
cover,9.028018815182229
settled,10.501324553291749
tried,8.8387768155437
embarking,13.443947001531791
appeal,9.969627355040672
stronger,10.245977861482904
level,8.266434473069054
produced,9.510095025662231
determination,11.141361908537746
sacrifice,10.845096092394574
played,8.679712120914012
directly,9.441012189711184
hands,8.8387768155437
direct,9.417364541410508
links,9.854697388366697
spin-offs,12.318122149338796
calculate,11.812680118656278
glance,11.719949634404555
appear,9.5556515572646
clear,8.633727007672189
chief,8.955698153602603
lay,10.03816245586273
enormous,10.936312100666235
drawn,10.29209554357787
position,8.72791422273189
re-emerged,11.227746522736568
gesture,11.74359728270523
look,7.344711054181673
reversed,11.788678966556736
middle,8.79823072114935
bringing,9.877819805787553
back,6.812445099177812
put,7.690827167070069
movement,9.279690450110976
sense,8.772085441045027
friction,12.180404898781596
missing,9.09701168666918
clear,8.633727007672189
sense,8.772085441045027
launched,10.061311637729696
ringing,12.24898014654145
taking,8.314252347419547
head,8.034767042171945
MISSING,9.09701168666918
served,9.647296147175718
thing,7.55211229537265
surveying,13.054704728930512
served,9.647296147175718
great,7.183508780568644
contrast,10.455135170822372
defined,10.223692816693468
valued,11.355921716160564
appear,9.5556515572646
disappear,11.305911295585902
fashion,9.624341811106634
progress,9.716178454231134
dictate,12.480509491231937
occupy,11.674268615378992
place,7.575234712793504
presence,9.832097556449456
sub-class,10.175296275831618
shape,9.854697388366697
see,6.676643558018751
come,7.413593361237089
guide,9.78659380106463
stages,10.52338427135648
thing,7.55211229537265
go,6.840096630508322
stages,10.52338427135648
end,7.643809960553359
value,8.866750667586105
prompts,13.031609014135864
strong,8.703522769607732
turns,9.76372561016097
end,7.643809960553359
role-oriented,11.32230510536158
end,7.643809960553359
production,8.88825687280707
valued,11.355921716160564
conception,12.089178894058676
serve,9.5556515572646
stand,8.88825687280707
isolated,10.959040351743791
strive,12.157282481360742
interacts,13.333084408719982
helps,9.808177372731803
construct,11.558969403471636
turn,8.473176305999463
constructed,10.845096092394574
great,7.183508780568644
produced,9.510095025662231
account,8.72791422273189
directed,10.131643645673885
production,8.88825687280707
free,7.75872654473565
autonomous,11.858236650258643
designed,9.302455660883988
point,7.966185778017415
admitted,10.384754374060574
defining,11.605040753878034
narrow,10.616837440413592
freedom,9.533304258572604
autonomous,11.858236650258643
turns,9.76372561016097
atom,12.157282481360742
occurs,10.72902392114182
congenitally,16.11809565095832
narrow,10.616837440413592
isolated,10.959040351743791
defining,11.605040753878034
autonomous,11.858236650258643
separates,12.501786889679218
group,7.896616703691127
curiously,13.3580857109254
foundation,9.647296147175718
build,9.115030192171858
autonomy,11.83588935156665
autonomy,11.83588935156665
concerned,9.78659380106463
groups,8.932708635377903
conception,12.089178894058676
autonomy,11.83588935156665
group,7.896616703691127
displays,11.355921716160564
accounts,9.832097556449456
autonomy,11.83588935156665
autonomy,11.83588935156665
nature,9.25638431047759
connected,9.946395053547404
role,8.8387768155437
dismiss,11.858236650258643
together,8.152550077828328
company,7.829058552679836
keep,7.690827167070069
entails,12.965359628594664
said,6.887952651685957
autonomy,11.83588935156665
autonomous,11.858236650258643
find,7.461140517166924
offensive,10.455135170822372
consider,9.233608998915535
find,7.461140517166924
offensive,10.455135170822372
position,8.72791422273189
consider,9.233608998915535
image,9.348453674105818
see,6.676643558018751
accident,9.877819805787553
liberation,11.719949634404555
form,8.497390564120058
part,7.413593361237089
wider,10.959040351743791
movement,9.279690450110976
liberation,11.719949634404555
liberation,11.719949634404555
part,7.413593361237089
bound,10.455135170822372
fellow,9.76372561016097
groups,8.932708635377903
groups,8.932708635377903
firmly,11.512925464970229
see,6.676643558018751
section,9.210340371976182
showing,9.48609387356269
ground,8.866750667586105
distinguishing,13.009034692097323
false,10.061311637729696
immediately,9.25638431047759
commits,12.68733946705462
view,8.772085441045027
ground,8.866750667586105
distinguishing,13.009034692097323
say,7.161358037781056
saying,8.360189442606572
false,10.061311637729696
make,6.725433722188183
given,8.266434473069054
follows,9.647296147175718
given,8.266434473069054
occurs,10.72902392114182
liberty,10.72902392114182
grounds,10.52338427135648
asserts,12.940041820610372
apply,9.647296147175718
speaking,9.417364541410508
fix,9.78659380106463
taken,8.449534542942423
injury,9.808177372731803
view,8.772085441045027
see,6.676643558018751
attacked,10.315977275581258
grounds,10.52338427135648
rests,12.340747548856775
false,10.061311637729696
attacks,9.946395053547404
based,8.034767042171945
observation,11.21282087251989
embraced,12.089178894058676
liberty,10.72902392114182
follow,8.88825687280707
grounds,10.52338427135648
place,7.575234712793504
balance,9.76372561016097
talking,8.542510999400527
covers,10.33735213516599
wide,9.302455660883988
range,8.932708635377903
images,9.78659380106463
keep,7.690827167070069
indicate,10.70644959910328
Throughout,9.233608998915535
said,6.887952651685957
apply,9.647296147175718
picture,8.910235779525845
drawn,10.29209554357787
great,7.183508780568644
thing,7.55211229537265
capacity,9.877819805787553
authority,9.647296147175718
immature,12.29599735305816
endued,17.383943859002343
called,7.851931214345828
come,7.413593361237089
make,6.725433722188183
Mildness,16.671480889143105
carriage,11.858236650258643
training,8.79823072114935
given,8.266434473069054
training,8.79823072114935
things,7.505592279737757
shown,9.441012189711184
approach,9.371683522384943
appears,9.57850969534065
begin,9.57850969534065
Roughly,10.68437364740408
nature,9.25638431047759
enters,11.493122837674049
stage,8.979228651012797
reflect,10.616837440413592
cultivated,12.434228738667928
refinement,13.3580857109254
lets,10.33735213516599
members,8.403864506109235
consideration,10.86582222291169
distant,11.074670534039074
blame,10.061311637729696
immature,12.29599735305816
endued,17.383943859002343
roughly,10.68437364740408
acted,10.86582222291169
distant,11.074670534039074
lost,8.314252347419547
causes,10.061311637729696
immature,12.29599735305816
mature,10.86582222291169
give,7.575234712793504
ways,9.070578429601024
things,7.505592279737757
comes,8.381788554410035
taken,8.449534542942423
injury,9.808177372731803
view,8.772085441045027
encapsulated,14.0225347273986
autonomous,11.858236650258643
capacity,9.877819805787553
goals,9.32575122348751
say,7.161358037781056
goals,9.32575122348751
form,8.497390564120058
justified,11.464135300800796
there,6.194805471126012
rests,12.340747548856775
things,7.505592279737757
look,7.344711054181673
picture,8.910235779525845
observation,11.21282087251989
immature,12.29599735305816
remote,10.5690195660631
account,8.72791422273189
leaves,9.693226627052931
room,8.314252347419547
things,7.505592279737757
refer,10.476188580020208
tension,11.006107862601777
views,9.601902574915355
non-autonomous,11.894185884381576
here,6.977105357116931
observations,11.464135300800796
past,8.381788554410035
refer,10.476188580020208
feature,9.624341811106634
present,8.79823072114935
tell,7.989510450583824
here,6.977105357116931
talking,8.542510999400527
respond,10.29209554357787
distinguish,11.812680118656278
higher,8.79823072114935
force,8.679712120914012
way,6.887952651685957
exclude,12.01876354722518
called,7.851931214345828
hard,7.989510450583824
see,6.676643558018751
possess,11.464135300800796
things,7.505592279737757
old,7.484008708070583
enter,9.647296147175718
stakes,11.464135300800796
say,7.161358037781056
added,8.8387768155437
recognise,11.696848303131157
possessing,12.41186755850977
stages,10.52338427135648
habit,10.959040351743791
Part,7.413593361237089
sees,10.154516307339874
way,6.887952651685957
degree,9.348453674105818
choose,9.417364541410508
goals,9.32575122348751
form,8.497390564120058
incorrigible,14.94252232115408
choose,9.417364541410508
picture,8.910235779525845
say,7.161358037781056
hand,8.266434473069054
allow,9.190537744680004
distinguish,11.812680118656278
pictures,9.394263210137112
produce,9.716178454231134
thing,7.55211229537265
original,8.8387768155437
signs,9.877819805787553
forgery,13.37725562703312
recognition,10.4311202946185
written,9.003326202591856
stakes,11.464135300800796
autonomy,11.83588935156665
account,8.72791422273189
led,8.955698153602603
account,8.72791422273189
notice,9.441012189711184
view,8.772085441045027
flight,9.533304258572604
found,7.643809960553359
stronger,10.245977861482904
weaker,11.766528223769146
versions,10.70644959910328
notes,9.57850969534065
allows,9.969627355040672
sees,10.154516307339874
invention,11.417615285165905
designed,9.302455660883988
fit,9.32575122348751
invention,11.417615285165905
given,8.266434473069054
range,8.932708635377903
direct,9.417364541410508
control,8.29005761883249
make,6.725433722188183
enter,9.647296147175718
immediate,10.315977275581258
view,8.772085441045027
invention,11.417615285165905
makes,8.152550077828328
firm,9.693226627052931
reduced,10.03816245586273
control,8.29005761883249
setting,9.739669467306731
add,9.003326202591856
conduct,10.315977275581258
damage,9.441012189711184
wise,10.33735213516599
enlightened,12.68733946705462
humane,12.387594522153565
observations,11.464135300800796
make,6.725433722188183
show,7.643809960553359
putting,9.533304258572604
suffer,10.476188580020208
form,8.497390564120058
myopia,14.82886300268156
here,6.977105357116931
referring,10.70644959910328
suit,9.901489549873457
full,7.966185778017415
hard-to-place,8.502304578922487
situation,9.003326202591856
by-product,9.345015275302783
destruction,10.68437364740408
way,6.887952651685957
open,8.105083540589405
bitter,11.030499315725937
far,8.059768344377362
liberation,11.719949634404555
deeply,10.501324553291749
damaging,11.719949634404555
contains,9.946395053547404
capacity,9.877819805787553
disguise,12.157282481360742
here,6.977105357116931
take,7.091678117143066
view,8.772085441045027
conception,12.089178894058676
far,8.059768344377362
narrower,13.14768118538862
Artful,14.09126405955078
Dodger,13.21667405687557
clear,8.633727007672189
full,7.966185778017415
made,7.091678117143066
make,6.725433722188183
remove,9.877819805787553
boundary,11.21282087251989
line,8.082169281066529
point,7.966185778017415
exercise,9.946395053547404
involves,10.72902392114182
leaves,9.693226627052931
exercise,9.946395053547404
said,6.887952651685957
exercise,9.946395053547404
give,7.575234712793504
entail,13.333084408719982
distinguishing,13.009034692097323
full,7.966185778017415
integral,11.605040753878034
part,7.413593361237089
manages,11.651038767099864
make,6.725433722188183
point,7.966185778017415
concentrating,12.54856295447695
say,7.161358037781056
tied,10.4311202946185
package,10.455135170822372
pick,9.028018815182229
pick,9.028018815182229
full,7.966185778017415
distinguishable,14.115265211650325
grounds,10.52338427135648
end,7.643809960553359
face,8.17360348702616
attack,9.003326202591856
pointing,11.055500617931353
given,8.266434473069054
achieve,10.199201796685172
manage,10.26877087101146
produce,9.716178454231134
situation,9.003326202591856
indistinguishable,13.443947001531791
rests,12.340747548856775
premises,11.464135300800796
defended,11.512925464970229
gain,9.647296147175718
defence,10.33735213516599
charge,9.161550207806751
GO,6.840096630508322
views,9.601902574915355
looked,8.955698153602603
tie,10.33735213516599
autonomy,11.83588935156665
firmly,11.512925464970229
interpreted,11.696848303131157
broad,10.29209554357787
narrow,10.616837440413592
sense,8.772085441045027
firmly,11.512925464970229
tied,10.4311202946185
Brave,10.752119635936468
New,6.331141914678144
World,7.161358037781056
autonomous,11.858236650258643
access,9.09701168666918
autonomy,11.83588935156665
synonymous,12.664938530365454
said,6.887952651685957
extract,11.464135300800796
said,6.887952651685957
full,7.966185778017415
authority,9.647296147175718
lead,8.752915524937308
recovery,10.177924398237888
mutinous,15.541482286654324
condition,9.533304258572604
gifts,10.637456727616328
clear,8.633727007672189
departure,11.006107862601777
passed,9.394263210137112
regretting,13.70218187265727
great,7.183508780568644
shed,10.982297213908058
elevated,11.445266816496414
view,8.772085441045027
driven,10.26877087101146
shock,10.455135170822372
steady,10.799975657114103
produced,9.510095025662231
settle,10.66277453560062
friction,12.180404898781596
opposite,10.085009429159518
worlds,10.982297213908058
situation,9.003326202591856
strong,8.703522769607732
groups,8.932708635377903
emerged,11.141361908537746
fell,9.5556515572646
announced,9.302455660883988
standing,9.533304258572604
made,7.091678117143066
solidly,13.471920853574195
drew,10.455135170822372
support,7.989510450583824
withdraw,11.399596779663224
allow,9.190537744680004
led,8.955698153602603
pledge,11.512925464970229
supported,9.946395053547404
bulk,11.074670534039074
members,8.403864506109235
clear,8.633727007672189
secure,10.03816245586273
follow,8.88825687280707
held,8.656455258749745
following,8.152550077828328
making,7.966185778017415
taken,8.449534542942423
way,6.887952651685957
withdraw,11.399596779663224
turned,9.003326202591856
make,6.725433722188183
mess,10.199201796685172
things,7.505592279737757
bound,10.455135170822372
Faced,10.384754374060574
backed,10.914088963881523
went,8.059768344377362
great,7.183508780568644
inclined,11.812680118656278
arrangement,10.936312100666235
things,7.505592279737757
Manly,12.29599735305816
felt,8.910235779525845
strongly,10.4311202946185
followed,9.09701168666918
put,7.690827167070069
getting,7.896616703691127
clever,11.030499315725937
way,6.887952651685957
stifling,13.884860636099068
Motion,10.154516307339874
carried,9.739669467306731
struck,10.545941618780557
feeblest,17.96325589691349
moved,9.190537744680004
separated,10.819778284410283
great,7.183508780568644
following,8.152550077828328
ratified,12.871604659057146
come,7.413593361237089
noted,9.923690259853648
trained,10.177924398237888
trained,10.177924398237888
picked,9.854697388366697
acquired,10.592642711826535
appearance,9.923690259853648
brief,10.315977275581258
left,7.782424336165473
furnish,13.49342705879516
assist,10.545941618780557
moving,9.161550207806751
complicated,10.4311202946185
details,9.417364541410508
reactions,10.959040351743791
convey,11.904487667909402
impression,10.70644959910328
abandon,11.464135300800796
point,7.966185778017415
made,7.091678117143066
appear,9.5556515572646
touched,10.819778284410283
advance,10.015537056344751
quick,9.25638431047759
grasp,11.58227554310502
essentials,12.501786889679218
rude,10.936312100666235
direct,9.417364541410508
situation,9.003326202591856
demanded,11.235293728371948
long,7.344711054181673
nail,11.030499315725937
polished,12.066310703155017
onrush,17.131448095675605
pursuit,11.235293728371948
gave,8.633727007672189
small,8.034767042171945
price,8.679712120914012
pay,8.29005761883249
recovery,10.177924398237888
built,9.053336623166516
new,6.331141914678144
obstruction,12.54856295447695
offensive,10.455135170822372
found,7.643809960553359
campaign,9.210340371976182
scenes,10.177924398237888
mounted,10.914088963881523
led,8.955698153602603
violent,10.455135170822372
ditchers,19.92720304186209
features,9.348453674105818
characterize,13.078346491987556
contribution,10.72902392114182
service,8.082169281066529
make,6.725433722188183
spirited,12.54856295447695
sections,10.68437364740408
role,8.8387768155437
opposite,10.085009429159518
sense,8.772085441045027
sought,10.384754374060574
foster,10.752119635936468
placing,11.120883377194204
head,8.034767042171945
discordant,14.736813831661973
elements,9.901489549873457
thrown,10.592642711826535
side,8.059768344377362
restraint,12.340747548856775
positions,10.061311637729696
explain,9.4639431307751
isolated,10.959040351743791
bulk,11.074670534039074
weight,9.161550207806751
take,7.091678117143066
detached,11.995811720046978
view,8.772085441045027
strategy,9.808177372731803
canalize,19.92720304186209
channels,10.637456727616328
articulate,12.571355964005509
views,9.601902574915355
sense,8.772085441045027
movement,9.279690450110976
follow,8.88825687280707
follow,8.88825687280707
front,8.563237129917644
labelled,12.387594522153565
form,8.497390564120058
extreme,10.131643645673885
action,8.633727007672189
action,8.633727007672189
come,7.413593361237089
held,8.656455258749745
deep,9.09701168666918
convictions,12.180404898781596
part,7.413593361237089
hostility,12.41186755850977
assumed,10.616837440413592
hard,7.989510450583824
line,8.082169281066529
secure,10.03816245586273
end,7.643809960553359
warned,11.100815814143395
play,7.806697372521679
hard,7.989510450583824
show,7.643809960553359
vicious,11.904487667909402
point,7.966185778017415
way,6.887952651685957
landslide,12.733705387612543
open,8.105083540589405
toughness,13.102560750108148
tactics,11.120883377194204
work,6.999870567889943
excluding,11.696848303131157
viewpoint,12.340747548856775
successful,9.348453674105818
dangerous,9.693226627052931
raised,9.57850969534065
full,7.966185778017415
cry,10.154516307339874
set,7.851931214345828
aside,10.154516307339874
recovery,10.177924398237888
power,8.01339218258721
recovery,10.177924398237888
fighting,9.394263210137112
capacities,12.803909646285794
campaign,9.210340371976182
resistance,10.245977861482904
slow,9.5556515572646
raise,9.78659380106463
make,6.725433722188183
advances,11.330603908176274
linked,10.26877087101146
sights,11.881094788334696
fixed,9.901489549873457
firmly,11.512925464970229
make,6.725433722188183
break,8.79823072114935
linked,10.26877087101146
sense,8.772085441045027
new,6.331141914678144
departure,11.006107862601777
new,6.331141914678144
new,6.331141914678144
team,7.667042262046627
helm,12.318122149338796
middle,8.79823072114935
team,7.667042262046627
advances,11.330603908176274
area,8.152550077828328
control,8.29005761883249
fought,10.384754374060574
set,7.851931214345828
massive,9.854697388366697
heard,8.589763884251074
alone,8.8387768155437
senior,9.394263210137112
joined,9.832097556449456
handed,10.545941618780557
run,8.082169281066529
team,7.667042262046627
deal,8.473176305999463
work,6.999870567889943
heads,9.969627355040672
brought,8.8387768155437
together,8.152550077828328
toned,12.710253726577497
new,6.331141914678144
system,7.921107723699423
introduced,9.854697388366697
operate,10.362353437371407
system,7.921107723699423
kept,9.210340371976182
area,8.152550077828328
level,8.266434473069054
group,7.896616703691127
cast,9.693226627052931
went,8.059768344377362
position,8.72791422273189
position,8.72791422273189
end,7.643809960553359
ready,8.563237129917644
advance,10.015537056344751
expect,9.190537744680004
reigned,13.471920853574195
doubled,11.766528223769146
central,8.932708635377903
doubled,11.766528223769146
over,6.725433722188183
great,7.183508780568644
drive,8.910235779525845
mounted,10.914088963881523
brought,8.8387768155437
raise,9.78659380106463
adopted,10.33735213516599
bring,8.589763884251074
regular,9.32575122348751
raise,9.78659380106463
wind,9.57850969534065
raise,9.78659380106463
set,7.851931214345828
made,7.091678117143066
deposit,10.959040351743791
areas,8.866750667586105
advances,11.330603908176274
made,7.091678117143066
coordination,11.74359728270523
fostering,13.009034692097323
attitudes,11.493122837674049
began,9.053336623166516
make,6.725433722188183
support,7.989510450583824
recognized,10.315977275581258
handling,10.616837440413592
stoop,13.49342705879516
make,6.725433722188183
find,7.461140517166924
regiment,11.674268615378992
contingent,12.226275352847694
point,7.966185778017415
view,8.772085441045027
handing,12.042254560300778
advance,10.015537056344751
essence,11.445266816496414
managed,9.76372561016097
search,9.302455660883988
found,7.643809960553359
feeling,8.910235779525845
assisted,11.281813744006842
quarters,10.982297213908058
greater,9.441012189711184
side,8.059768344377362
dealt,11.055500617931353
advance,10.015537056344751
shown,9.441012189711184
concrete,10.501324553291749
reached,9.5556515572646
went,8.059768344377362
form,8.497390564120058
old,7.484008708070583
dealing,10.131643645673885
big,7.667042262046627
great,7.183508780568644
came,8.059768344377362
sheets,11.141361908537746
leader,9.32575122348751
predisposed,14.25246633316381
support,7.989510450583824
side,8.059768344377362
contacts,11.190841965801114
assess,11.355921716160564
exchange,9.5556515572646
impress,11.674268615378992
took,8.034767042171945
direct,9.417364541410508
conducted,10.177924398237888
demonstrates,11.83588935156665
producing,10.476188580020208
nursing,10.77576139899351
work,6.999870567889943
hard,7.989510450583824
end,7.643809960553359
given,8.266434473069054
double,9.190537744680004
bring,8.589763884251074
bonus,10.476188580020208
propping,14.321348640219226
wide,9.302455660883988
range,8.932708635377903
alive,9.76372561016097
owned,9.76372561016097
backed,10.914088963881523
extract,11.464135300800796
form,8.497390564120058
exchange,9.5556515572646
support,7.989510450583824
gave,8.633727007672189
value,8.866750667586105
suggests,10.384754374060574
hostile,11.355921716160564
large,8.314252347419547
put,7.690827167070069
gutter,12.940041820610372
makes,8.152550077828328
boil,11.904487667909402
justification,11.904487667909402
pouring,11.83588935156665
large,8.314252347419547
return,8.772085441045027
greater,9.441012189711184
support,7.989510450583824
possesses,12.41186755850977
allowed,9.142681723502369
go,6.840096630508322
struggle,10.085009429159518
went,8.059768344377362
alive,9.76372561016097
stood,10.199201796685172
gave,8.633727007672189
valuable,10.33735213516599
support,7.989510450583824
coordination,11.74359728270523
bodies,9.923690259853648
fusion,11.464135300800796
followed,9.09701168666918
overruled,13.537878821365997
wishes,10.70644959910328
cater,12.54856295447695
allowed,9.142681723502369
go,6.840096630508322
dropped,9.832097556449456
admitted,10.384754374060574
source,8.866750667586105
tension,11.006107862601777
commentary,11.074670534039074
resisted,12.41186755850977
absorbed,11.696848303131157
brought,8.8387768155437
orbit,11.445266816496414
join,9.210340371976182
guide,9.78659380106463
safer,11.305911295585902
lines,9.32575122348751
immediately,9.25638431047759
placing,11.120883377194204
arranged,10.799975657114103
send,8.955698153602603
attitude,10.177924398237888
flexible,11.21282087251989
outside,8.633727007672189
bodies,9.923690259853648
made,7.091678117143066
represent,10.177924398237888
objects,10.33735213516599
enterprising,13.930921409475602
suit,9.901489549873457
observed,10.616837440413592
control,8.29005761883249
full,7.966185778017415
avoided,11.355921716160564
open,8.105083540589405
allies,10.89234897724512
strong,8.703522769607732
linked,10.26877087101146
hand,8.266434473069054
supported,9.946395053547404
immediate,10.315977275581258
distribute,11.995811720046978
coordination,11.74359728270523
building,8.542510999400527
contacts,11.190841965801114
greater,9.441012189711184
removed,9.693226627052931
justification,11.904487667909402
lurches,16.210210939866126
gathers,13.168407315905736
turns,9.76372561016097
pauses,13.333084408719982
leaving,9.25638431047759
cloud,10.455135170822372
climbs,12.871604659057146
reluctantly,12.778773673014252
wings,10.501324553291749
dipping,12.710253726577497
drunkenly,14.666481823717788
sign,9.028018815182229
clumps,13.976853708373037
marble,11.605040753878034
floor,9.348453674105818
stretch,10.70644959910328
catch,9.510095025662231
dips,13.122363377404328
wings,10.501324553291749
acknowledgement,13.078346491987556
preparing,10.752119635936468
familiar,10.109282465515724
surprised,9.946395053547404
fluently,14.0225347273986
graceful,12.91942253340764
raccoon,13.194934070239164
manage,10.26877087101146
far,8.059768344377362
about,5.987472525838444
Spread,9.647296147175718
accompanied,10.936312100666235
controlled,10.154516307339874
whole,8.152550077828328
thing,7.55211229537265
tragic,11.330603908176274
make,6.725433722188183
fair,9.233608998915535
stretches,12.2040746428675
there,6.194805471126012
great,7.183508780568644
encounter,10.914088963881523
short,8.449534542942423
great,7.183508780568644
long,7.344711054181673
take,7.091678117143066
make,6.725433722188183
islands,10.362353437371407
naïvely,17.1765261499936
drawn,10.29209554357787
map,9.76372561016097
fill,10.03816245586273
tail,10.72902392114182
fountain,11.719949634404555
subsides,14.64333264185082
steady,10.799975657114103
brief,10.315977275581258
hokey-cokey,16.901167539046252
long,7.344711054181673
weighing,11.881094788334696
cock,10.982297213908058
lake,9.601902574915355
drying,12.110762465725848
drunk,10.109282465515724
thirsty,12.110762465725848
insatiable,13.72020037815995
gulping,15.405145843102195
makes,8.152550077828328
rises,11.355921716160564
clear,8.633727007672189
bit,8.360189442606572
bastard,11.766528223769146
take,7.091678117143066
worry,9.57850969534065
back,6.812445099177812
holding,9.4639431307751
defence,10.33735213516599
make,6.725433722188183
elaborately,14.368895796149062
composed,10.89234897724512
bare,11.100815814143395
fine,8.679712120914012
fine,8.679712120914012
descended,12.110762465725848
big,7.667042262046627
heifer,14.736813831661973
stunned,12.24898014654145
takes,8.79823072114935
makes,8.152550077828328
see,6.676643558018751
point,7.966185778017415
place,7.575234712793504
heavy,9.302455660883988
burden,10.982297213908058
order,8.082169281066529
order,8.082169281066529
made,7.091678117143066
admits,11.651038767099864
gone,8.818298284200159
taken,8.449534542942423
took,8.034767042171945
whole,8.152550077828328
courtesy,11.21282087251989
vanished,12.157282481360742
golden,9.969627355040672
honey,10.66277453560062
poured,11.92692690410068
lightly,11.605040753878034
hopping,12.825969364350524
heifers,15.289543833392171
true,8.29005761883249
meant,9.348453674105818
take,7.091678117143066
hold,8.772085441045027
got,7.114779448416464
put,7.690827167070069
about,5.987472525838444
clear,8.633727007672189
take,7.091678117143066
way,6.887952651685957
small,8.034767042171945
way,6.887952651685957
true,8.29005761883249
taking,8.314252347419547
finds,10.109282465515724
hard,7.989510450583824
deal,8.473176305999463
come,7.413593361237089
support,7.989510450583824
spend,9.279690450110976
takes,8.79823072114935
mean,7.989510450583824
thing,7.55211229537265
chicken,10.061311637729696
prepared,9.808177372731803
get,6.260652036923599
support,7.989510450583824
catching,11.055500617931353
cut,8.656455258749745
breaking,9.808177372731803
bear,9.877819805787553
way,6.887952651685957
thing,7.55211229537265
means,8.198739460297702
stand,8.88825687280707
finished,9.348453674105818
Steady,10.799975657114103
currents,12.340747548856775
role,8.8387768155437
played,8.679712120914012
current,8.589763884251074
charged,10.085009429159518
functions,10.362353437371407
present,8.79823072114935
substitute,11.120883377194204
yielding,12.895227804820582
taken,8.449534542942423
breaks,10.455135170822372
Section,9.210340371976182
simplest,12.318122149338796
starting,9.053336623166516
point,7.966185778017415
introduce,10.66277453560062
formulations,13.65850680915461
search,9.302455660883988
potential,9.190537744680004
function,9.716178454231134
found,7.643809960553359
there,6.194805471126012
scalar,13.976853708373037
function,9.716178454231134
form,8.497390564120058
automatically,10.315977275581258
satisfy,11.558969403471636
field,8.656455258749745
strength,9.670789788417109
thing,7.55211229537265
thing,7.55211229537265
satisfied,10.86582222291169
potential,9.190537744680004
called,7.851931214345828
potential,9.190537744680004
defined,10.223692816693468
Substituting,13.74785190949046
above,8.752915524937308
get,6.260652036923599
obtain,10.592642711826535
form,8.497390564120058
further,8.497390564120058
called,7.851931214345828
gauge,11.464135300800796
assign,12.29599735305816
value,8.866750667586105
function,9.716178454231134
present,8.79823072114935
freedom,9.533304258572604
gradient,12.710253726577497
scalar,13.976853708373037
function,9.716178454231134
gives,9.142681723502369
field,8.656455258749745
left,7.782424336165473
current,8.589763884251074
density,10.752119635936468
find,7.461140517166924
scalar,13.976853708373037
potential,9.190537744680004
form,8.497390564120058
simple,9.028018815182229
integration,11.006107862601777
yield,11.141361908537746
given,8.266434473069054
go,6.840096630508322
above,8.752915524937308
expression,10.245977861482904
deriving,13.930921409475602
law,8.152550077828328
assume,10.199201796685172
current,8.589763884251074
density,10.752119635936468
integration,11.006107862601777
further,8.497390564120058
constant,10.26877087101146
form,8.497390564120058
field,8.656455258749745
strength,9.670789788417109
stop,8.01339218258721
here,6.977105357116931
sort,9.210340371976182
field,8.656455258749745
curl,12.618562368575304
operates,11.21282087251989
leading,9.210340371976182
made,7.091678117143066
law,8.152550077828328
derived,10.845096092394574
directly,9.441012189711184
ways,9.070578429601024
field,8.656455258749745
form,8.497390564120058
obtained,10.384754374060574
integrating,12.618562368575304
sides,9.832097556449456
using,8.128535201624453
left-hand-side,9.152071463852208
current,8.589763884251074
density,10.752119635936468
gives,9.142681723502369
current,8.589763884251074
above,8.752915524937308
reduces,11.558969403471636
line,8.082169281066529
integration,11.006107862601777
positive,9.233608998915535
sense,8.772085441045027
integration,11.006107862601777
path,9.877819805787553
positive,9.233608998915535
current,8.589763884251074
right-hand,8.512205649905198
convention,10.362353437371407
law,8.152550077828328
describing,10.982297213908058
potential,9.190537744680004
law,8.152550077828328
law,8.152550077828328
attack,9.003326202591856
directly,9.441012189711184
hard,7.989510450583824
tell,7.989510450583824
helps,9.808177372731803
remains,9.670789788417109
side,8.059768344377362
say,7.161358037781056
manages,11.651038767099864
find,7.461140517166924
simplest,12.318122149338796
then,6.750751530172472
potential,9.190537744680004
scalar,13.976853708373037
find,7.461140517166924
components,10.501324553291749
quantity,11.355921716160564
given,8.266434473069054
curl,12.618562368575304
curl,12.618562368575304
potential,9.190537744680004
say,7.161358037781056
formulations,13.65850680915461
applications,10.03816245586273
sensitive,10.455135170822372
based,8.034767042171945
lose,9.028018815182229
banned,10.5690195660631
immediate,10.315977275581258
effect,9.161550207806751
potential,9.190537744680004
popular,9.053336623166516
directly,9.441012189711184
capable,10.109282465515724
helped,9.48609387356269
derive,12.639937228160036
law,8.152550077828328
come,7.413593361237089
handy,11.58227554310502
leads,10.015537056344751
nice,8.360189442606572
formulae,14.344839653294825
flux,12.501786889679218
potential,9.190537744680004
follows,9.647296147175718
good,6.630123542383857
formulae,14.344839653294825
serve,9.5556515572646
following,8.152550077828328
sections,10.68437364740408
going,7.045868581111772
steady,10.799975657114103
currents,12.340747548856775
roughly,10.68437364740408
divided,10.4311202946185
parts,9.053336623166516
Sections,10.68437364740408
give,7.575234712793504
significance,11.100815814143395
fields,10.131643645673885
Sections,10.68437364740408
concerned,9.78659380106463
fields,10.131643645673885
assumed,10.616837440413592
studied,10.384754374060574
appear,9.5556515572646
section,9.210340371976182
beam,11.190841965801114
far,8.059768344377362
positive,9.233608998915535
negative,9.693226627052931
charges,9.946395053547404
point,7.966185778017415
charges,9.946395053547404
charge,9.161550207806751
introduce,10.66277453560062
charge,9.161550207806751
carried,9.739669467306731
called,7.851931214345828
study,8.611503870887478
household,10.4311202946185
make,6.725433722188183
present,8.79823072114935
section,9.210340371976182
consider,9.233608998915535
beam,11.190841965801114
charge,9.161550207806751
density,10.752119635936468
travel,9.210340371976182
going,7.045868581111772
beams,12.066310703155017
subject,9.302455660883988
beam,11.190841965801114
forces,9.25638431047759
charge,9.161550207806751
yielding,12.895227804820582
component,10.77576139899351
field,8.656455258749745
field,8.656455258749745
obtained,10.384754374060574
law,8.152550077828328
follows,9.647296147175718
line,8.082169281066529
taken,8.449534542942423
current,8.589763884251074
beam,11.190841965801114
component,10.77576139899351
field,8.656455258749745
specified,11.37316352259507
get,6.260652036923599
force,8.679712120914012
charge,9.161550207806751
travelling,11.141361908537746
beam,11.190841965801114
pointing,11.055500617931353
force,8.679712120914012
field,8.656455258749745
product,9.32575122348751
gives,9.142681723502369
force,8.679712120914012
force,8.679712120914012
derived,10.845096092394574
Section,9.210340371976182
get,6.260652036923599
following,8.152550077828328
formula,10.476188580020208
force,8.679712120914012
seen,8.01339218258721
above,8.752915524937308
force,8.679712120914012
force,8.679712120914012
approaches,10.936312100666235
forces,9.25638431047759
beam,11.190841965801114
unstable,11.812680118656278
technical,9.78659380106463
term,8.679712120914012
borrowed,11.719949634404555
say,7.161358037781056
beam,11.190841965801114
far,8.059768344377362
concerned,9.78659380106463
forces,9.25638431047759
charged,10.085009429159518
travel,9.210340371976182
close,8.381788554410035
forces,9.25638431047759
smaller,9.670789788417109
forces,9.25638431047759
then,6.750751530172472
fields,10.131643645673885
charges,9.946395053547404
cancels,13.537878821365997
field,8.656455258749745
brings,10.109282465515724
Pinch,12.066310703155017
contrast,10.455135170822372
investigate,10.799975657114103
beam,11.190841965801114
charge,9.161550207806751
carriers,11.464135300800796
negative,9.693226627052931
positive,9.233608998915535
assume,10.199201796685172
densities,13.63318900117032
opposite,10.085009429159518
charge,9.161550207806751
field,8.656455258749745
currents,12.340747548856775
hand,8.266434473069054
cancel,11.100815814143395
opposite,10.085009429159518
charges,9.946395053547404
opposite,10.085009429159518
field,8.656455258749745
strength,9.670789788417109
given,8.266434473069054
substitute,11.120883377194204
current,8.589763884251074
refer,10.476188580020208
negative,9.693226627052931
positive,9.233608998915535
force,8.679712120914012
beam,11.190841965801114
positive,9.233608998915535
force,8.679712120914012
force,8.679712120914012
beam,11.190841965801114
tell,7.989510450583824
forces,9.25638431047759
larger,9.624341811106634
then,6.750751530172472
then,6.750751530172472
beam,11.190841965801114
go,6.840096630508322
beam,11.190841965801114
possess,11.464135300800796
predict,11.330603908176274
behaviour,10.68437364740408
drawn,10.29209554357787
without,7.621105166859602
further,8.497390564120058
then,6.750751530172472
forces,9.25638431047759
larger,9.624341811106634
beam,11.190841965801114
further,8.497390564120058
leading,9.210340371976182
so-called,7.9633080781898
sausage,11.973374881411152
field,8.656455258749745
then,6.750751530172472
beam,11.190841965801114
weaker,11.766528223769146
field,8.656455258749745
makes,8.152550077828328
field,8.656455258749745
weaker,11.766528223769146
leading,9.210340371976182
so-called,7.9633080781898
kink,13.333084408719982
positive,9.233608998915535
positive,9.233608998915535
lattice,12.986958740398126
then,6.750751530172472
force,8.679712120914012
want,6.812445099177812
hold,8.772085441045027
virtue,11.651038767099864
force,8.679712120914012
force,8.679712120914012
tries,10.29209554357787
small,8.034767042171945
forces,9.25638431047759
current-carrying,10.30695465798162
conductors,12.91942253340764
Flow,9.946395053547404
patterns,10.5690195660631
law,8.152550077828328
current,8.589763884251074
arose,12.1346826494435
assumed,10.616837440413592
charge,9.161550207806751
carriers,11.464135300800796
say,7.161358037781056
current,8.589763884251074
density,10.752119635936468
field,8.656455258749745
form,8.497390564120058
above,8.752915524937308
good,6.630123542383857
high,7.484008708070583
fields,10.131643645673885
field,8.656455258749745
current,8.589763884251074
field,8.656455258749745
field,8.656455258749745
pinch,12.066310703155017
section,9.210340371976182
safely,11.006107862601777
field,8.656455258749745
determining,11.58227554310502
lines,9.32575122348751
current,8.589763884251074
flow,9.946395053547404
then,6.750751530172472
left,7.782424336165473
tells,9.716178454231134
assuming,10.982297213908058
field,8.656455258749745
lines,9.32575122348751
lines,9.32575122348751
current,8.589763884251074
flow,9.946395053547404
current,8.589763884251074
flows,11.190841965801114
potential,9.190537744680004
drop,9.233608998915535
part,7.413593361237089
current,8.589763884251074
flows,11.190841965801114
charge,9.161550207806751
called,7.851931214345828
lines,9.32575122348751
current,8.589763884251074
conductor,11.973374881411152
return,8.772085441045027
simple,9.028018815182229
deriving,13.930921409475602
law,8.152550077828328
apply,9.647296147175718
field,8.656455258749745
then,6.750751530172472
current,8.589763884251074
density,10.752119635936468
current,8.589763884251074
circuit,10.4311202946185
resistance,10.245977861482904
get,6.260652036923599
get,6.260652036923599
resistance,10.245977861482904
resistance,10.245977861482904
arrived,9.693226627052931
trouble,9.693226627052931
law,8.152550077828328
Risking,12.54856295447695
circuit,10.4311202946185
refer,10.476188580020208
law,8.152550077828328
straight,9.115030192171858
lead,8.752915524937308
grey,10.40766863358345
pale,11.330603908176274
quiet,10.015537056344751
sang,11.281813744006842
accurate,10.199201796685172
before,7.0690984293909
simmering,14.138474444560694
gold,8.818298284200159
spreading,11.074670534039074
down-pointing,11.074670534039074
vanes,15.424948470398377
soaring,12.803909646285794
splashes,13.999433396125202
blood,8.979228651012797
habit,10.959040351743791
schooled,13.560868339590693
felt,8.910235779525845
accurately,11.536194091909582
put,7.690827167070069
warmth,11.973374881411152
approach,9.371683522384943
pattern,10.223692816693468
ruggedly,16.004766965651317
fit,9.32575122348751
setting,9.739669467306731
form,8.497390564120058
presented,9.78659380106463
closely,10.29209554357787
closely,10.29209554357787
furiously,13.37725562703312
feathered,13.70218187265727
lines,9.32575122348751
painfully,12.733705387612543
clear,8.633727007672189
finding,9.5556515572646
illuminated,12.664938530365454
world,7.161358037781056
accessible,11.100815814143395
drama,9.969627355040672
electric,9.854697388366697
plain,10.52338427135648
gold,8.818298284200159
saw,8.426438828147774
naked,10.52338427135648
way,6.887952651685957
undone,12.965359628594664
stripped,11.881094788334696
washed,11.281813744006842
start,7.921107723699423
lay,10.03816245586273
coiled,14.046182375699276
source,8.866750667586105
things,7.505592279737757
blaze,12.226275352847694
blazed,14.115265211650325
motif,12.895227804820582
thing,7.55211229537265
linked,10.26877087101146
thing,7.55211229537265
make,6.725433722188183
impression,10.70644959910328
great,7.183508780568644
deal,8.473176305999463
queer,12.066310703155017
feels,9.441012189711184
youth,9.78659380106463
true,8.29005761883249
fantastic,9.877819805787553
character,8.955698153602603
makes,8.152550077828328
youth,9.78659380106463
rising,10.315977275581258
put,7.690827167070069
passed,9.394263210137112
felt,8.910235779525845
power,8.01339218258721
survivor,11.512925464970229
youth,9.78659380106463
fat,9.5556515572646
carving,12.639937228160036
turned,9.003326202591856
made,7.091678117143066
tent-like,11.399596779663224
fumbling,14.229511997094724
fumbled,13.884860636099068
stray,12.110762465725848
clear,8.633727007672189
assumed,10.616837440413592
scanning,12.157282481360742
gathering,10.936312100666235
Forum,10.637456727616328
negotiated,12.01876354722518
free,7.75872654473565
made,7.091678117143066
armed,10.154516307339874
Guide,9.78659380106463
dipped,12.571355964005509
clutching,13.42346847018825
arrested,10.03816245586273
shone,13.284882306902103
danced,12.24898014654145
enveloping,14.666481823717788
veil,12.29599735305816
suppress,12.29599735305816
gradual,12.272212448034718
apprehending,15.151111804768648
suggest,9.78659380106463
dream,9.417364541410508
view,8.772085441045027
things,7.505592279737757
dazzled,14.2759599744052
flowing,11.464135300800796
skin,9.417364541410508
delicate,11.493122837674049
sliced,12.501786889679218
MOTHER,8.656455258749745
raw,10.29209554357787
raw,10.29209554357787
reminded,11.120883377194204
faded,12.1346826494435
ghostly,13.49342705879516
repeated,10.86582222291169
Odd,10.545941618780557
overexcited,15.289543833392171
habit,10.959040351743791
survivor,11.512925464970229
battered,12.871604659057146
grizzled,14.82886300268156
survivor,11.512925464970229
changed,9.053336623166516
parody,12.01876354722518
unrelated,11.973374881411152
dark,9.115030192171858
muted,12.848526711774602
caught,9.441012189711184
give,7.575234712793504
pale,11.330603908176274
connecting,11.141361908537746
came,8.059768344377362
parody-young,12.042254560300778
took,8.034767042171945
point,7.966185778017415
batwing,15.935774094164366
gone,8.818298284200159
dream,9.417364541410508
gone,8.818298284200159
took,8.034767042171945
glazed,13.031609014135864
parodies,13.976853708373037
serious,8.979228651012797
parody,12.01876354722518
element,10.455135170822372
bit,8.360189442606572
pageboys,19.92720304186209
things,7.505592279737757
getting,7.896616703691127
scene,9.279690450110976
change,7.966185778017415
change,7.966185778017415
fur,11.445266816496414
painter,11.674268615378992
reflecting,11.674268615378992
shot,8.703522769607732
needles,12.2040746428675
glittering,13.37725562703312
silver,9.647296147175718
Take,7.091678117143066
skimming,13.795707930668094
accompanying,11.858236650258643
considered,9.028018815182229
gold,8.818298284200159
lying,9.969627355040672
rich,9.417364541410508
obscured,13.308692955595822
veiled,13.21667405687557
directed,10.131643645673885
swam,13.031609014135864
bright,10.109282465515724
combined,9.946395053547404
pears,13.443947001531791
breasts,11.651038767099864
dense,11.558969403471636
flowers,10.03816245586273
hair,9.028018815182229
read,7.966185778017415
way,6.887952651685957
read,7.966185778017415
androgynous,14.506659735861549
male,9.4639431307751
cork,12.180404898781596
attract,11.055500617931353
penumbra,15.541482286654324
elsewhere,10.455135170822372
red-gold,9.354210742395884
golden,9.969627355040672
foxy,13.815510557964274
settling,11.858236650258643
released,9.09701168666918
grip,11.258283246596648
saw,8.426438828147774
melding,15.036290480606592
warmth,11.973374881411152
moving,9.161550207806751
hard,7.989510450583824
frame,10.177924398237888
sexless,15.405145843102195
rose,9.624341811106634
filled,9.901489549873457
played,8.679712120914012
slaughter,11.881094788334696
hunting,10.545941618780557
feel,7.667042262046627
confronted,11.881094788334696
oppressed,12.526277909687517
felt,8.910235779525845
things,7.505592279737757
leave,8.426438828147774
things,7.505592279737757
making,7.966185778017415
restricted,11.074670534039074
powerful,9.5556515572646
reveal,10.52338427135648
Look,7.344711054181673
here,6.977105357116931
comes,8.381788554410035
held,8.656455258749745
rhythmic,12.91942253340764
pale,11.330603908176274
recall,10.592642711826535
mean,7.989510450583824
form,8.497390564120058
make,6.725433722188183
felt,8.910235779525845
flight,9.533304258572604
sense,8.772085441045027
looked,8.955698153602603
see,6.676643558018751
pain,9.142681723502369
made,7.091678117143066
odd,10.545941618780557
stood,10.199201796685172
flying,9.877819805787553
Here,6.977105357116931
stretch,10.70644959910328
turns,9.76372561016097
shuts,12.68733946705462
struck,10.545941618780557
avalanche,12.710253726577497
dark,9.115030192171858
sombre,14.18367988132874
giant,10.085009429159518
defeated,11.120883377194204
proud,9.716178454231134
man,7.321756718112588
considered,9.028018815182229
nature,9.25638431047759
pale,11.330603908176274
smile,10.03816245586273
produces,11.074670534039074
sensation,11.74359728270523
give,7.575234712793504
impression,10.70644959910328
aiming,11.766528223769146
straight,9.115030192171858
appeared,9.601902574915355
reappeared,13.999433396125202
parallels,12.501786889679218
persisting,14.506659735861549
heavy,9.302455660883988
tried,8.8387768155437
name,7.806697372521679
buried,10.592642711826535
variegated,14.69017961514761
ploughed,14.344839653294825
killed,8.703522769607732
leaving,9.25638431047759
brave,10.752119635936468
sad,9.57850969534065
end,7.643809960553359
here,6.977105357116931
bear,9.877819805787553
transplantation,13.284882306902103
referred,10.109282465515724
brought,8.8387768155437
pieced,14.344839653294825
together,8.152550077828328
Foul,11.399596779663224
wild,9.670789788417109
blows,11.417615285165905
shaken,12.434228738667928
large,8.314252347419547
fist,11.766528223769146
looming,13.14768118538862
energy-field,9.362326728974065
housing,9.739669467306731
cool,8.866750667586105
winged,12.803909646285794
sombre,14.18367988132874
responded,10.914088963881523
tones,12.066310703155017
dark,9.115030192171858
things,7.505592279737757
light,8.449534542942423
negation,14.18367988132874
envelops,15.405145843102195
things,7.505592279737757
light,8.449534542942423
pabulum,17.636779200123957
light,8.449534542942423
shining,11.558969403471636
darkness,10.819778284410283
come,7.413593361237089
made,7.091678117143066
drew,10.455135170822372
wavelength,12.778773673014252
cornered,13.403400907137442
training,8.79823072114935
makes,8.152550077828328
wild,9.670789788417109
way,6.887952651685957
judge,9.32575122348751
judges,10.545941618780557
Judging,11.399596779663224
runs,9.57850969534065
clockwork,13.3580857109254
take,7.091678117143066
soft,9.946395053547404
witch-women,11.289781913656018
made,7.091678117143066
like,5.9638493800750085
face,8.17360348702616
see,6.676643558018751
Going,7.045868581111772
howling,13.21667405687557
cool,8.866750667586105
plans,9.190537744680004
considered,9.028018815182229
surface,9.601902574915355
push,9.624341811106634
swapped,12.965359628594664
felt,8.910235779525845
Whipped,12.2040746428675
coldly,14.52886044584174
turn-off,8.691546578561015
turn-off,8.691546578561015
turn-off,8.691546578561015
doll,11.37316352259507
feel,7.667042262046627
comfortable,9.993412260064115
reverse,10.66277453560062
give,7.575234712793504
come,7.413593361237089
get,6.260652036923599
climax,12.434228738667928
automatically,10.315977275581258
assumed,10.616837440413592
find,7.461140517166924
making,7.966185778017415
odd,10.545941618780557
make,6.725433722188183
feel,7.667042262046627
hop,10.592642711826535
added,8.8387768155437
reflectively,17.017037744497863
horny,11.995811720046978
looking,7.896616703691127
pick,9.028018815182229
looking,7.896616703691127
disorder,10.799975657114103
pain,9.142681723502369
mess,10.199201796685172
pick,9.028018815182229
secure,10.03816245586273
situation,9.003326202591856
fall,8.910235779525845
piece,9.115030192171858
worthless,11.92692690410068
rubbish,11.812680118656278
pick,9.028018815182229
give,7.575234712793504
rest,8.679712120914012
pay,8.29005761883249
bit,8.360189442606572
make,6.725433722188183
centre,9.32575122348751
place,7.575234712793504
centre,9.32575122348751
chanting,12.387594522153565
psalm,12.526277909687517
pitching,12.089178894058676
lower,8.955698153602603
pointed,10.455135170822372
point,7.966185778017415
refused,10.26877087101146
following,8.152550077828328
close,8.381788554410035
diverted,12.68733946705462
telephoned,14.0225347273986
carrying,10.109282465515724
felt,8.910235779525845
cheered,12.940041820610372
brought,8.8387768155437
happy,8.403864506109235
reported,9.210340371976182
ran,9.510095025662231
felt,8.910235779525845
following,8.152550077828328
open,8.105083540589405
short,8.449534542942423
lot,7.806697372521679
managed,9.76372561016097
opened,9.5556515572646
handle,9.693226627052931
thing,7.55211229537265
thing,7.55211229537265
situations,10.4311202946185
found,7.643809960553359
helpful,10.52338427135648
responsible,9.48609387356269
get,6.260652036923599
felt,8.910235779525845
open,8.105083540589405
soft,9.946395053547404
break,8.79823072114935
held,8.656455258749745
extracted,12.24898014654145
passed,9.394263210137112
toughest,12.41186755850977
forgiving,12.68733946705462
punished,11.512925464970229
felt,8.910235779525845
breathing,10.86582222291169
air,8.360189442606572
gods,10.592642711826535
climbed,11.858236650258643
reached,9.5556515572646
stick,9.76372561016097
felt,8.910235779525845
extension,10.455135170822372
pushed,10.52338427135648
home,7.344711054181673
given,8.266434473069054
clearance,11.605040753878034
following,8.152550077828328
directions,10.982297213908058
reduce,9.832097556449456
control,8.29005761883249
threshold,11.445266816496414
point,7.966185778017415
moving,9.161550207806751
about,5.987472525838444
stick,9.76372561016097
flung,13.054704728930512
smooth,10.592642711826535
run,8.082169281066529
added,8.8387768155437
takes,8.79823072114935
high,7.484008708070583
take,7.091678117143066
kill,9.003326202591856
hub,11.330603908176274
stale,12.825969364350524
seen,8.01339218258721
pale,11.330603908176274
stood,10.199201796685172
keeping,9.57850969534065
score,9.601902574915355
score,9.601902574915355
feel,7.667042262046627
stroke,10.89234897724512
things,7.505592279737757
loss,9.053336623166516
before,7.0690984293909
dug,11.83588935156665
opened,9.5556515572646
friendly,10.03816245586273
asking,9.302455660883988
lines,9.32575122348751
poor,9.003326202591856
gave,8.633727007672189
bit,8.360189442606572
hurt,9.348453674105818
short,8.449534542942423
rough,10.384754374060574
pale,11.330603908176274
consider,9.233608998915535
lot,7.806697372521679
things,7.505592279737757
tartly,16.854150332529542
follow,8.88825687280707
made,7.091678117143066
wade,11.558969403471636
power,8.01339218258721
hold,8.772085441045027
reduce,9.832097556449456
system,7.921107723699423
mean,7.989510450583824
added,8.8387768155437
absolves,15.84046391436004
Smoothly,12.24898014654145
rest,8.679712120914012
area,8.152550077828328
clarify,11.858236650258643
situation,9.003326202591856
hold,8.772085441045027
quiet,10.015537056344751
heavy,9.302455660883988
dramatic,10.5690195660631
warbling,15.519259149869615
aggressive,10.77576139899351
determined,10.03816245586273
fight,8.679712120914012
way,6.887952651685957
calm,10.26877087101146
drowsy,14.229511997094724
shattered,12.089178894058676
tore,12.180404898781596
relief,10.245977861482904
creamy,12.825969364350524
surveyed,12.272212448034718
Making,7.966185778017415
heavy,9.302455660883988
caught,9.441012189711184
ruler,11.881094788334696
boneless,14.39176398705272
knew,8.752915524937308
contained,10.476188580020208
element,10.455135170822372
welcomed,11.605040753878034
hell,8.979228651012797
theatrical,12.24898014654145
streak,11.37316352259507
meant,9.348453674105818
takes,8.79823072114935
glared,14.759686493327964
recall,10.592642711826535
drag,10.845096092394574
given,8.266434473069054
stroke,10.89234897724512
hell,8.979228651012797
alert,10.752119635936468
wary,12.501786889679218
added,8.8387768155437
bastard,11.766528223769146
bloody,10.86582222291169
let,7.829058552679836
things,7.505592279737757
go,6.840096630508322
far,8.059768344377362
went,8.059768344377362
taken,8.449534542942423
full,7.966185778017415
get,6.260652036923599
away,7.782424336165473
glared,14.759686493327964
bastard,11.766528223769146
avoid,9.510095025662231
made,7.091678117143066
Take,7.091678117143066
face,8.17360348702616
lose,9.028018815182229
tough,9.739669467306731
melodrama,13.70218187265727
snarled,14.89726572956596
glared,14.759686493327964
blew,11.235293728371948
leaked,11.512925464970229
lot,7.806697372521679
settled,10.501324553291749
playing,8.360189442606572
fire,8.517193191416238
burn,10.29209554357787
Keep,7.690827167070069
growled,14.64333264185082
side,8.059768344377362
deepened,13.675748615589116
left,7.782424336165473
shit,8.105083540589405
get,6.260652036923599
away,7.782424336165473
got,7.114779448416464
away,7.782424336165473
set,7.851931214345828
added,8.8387768155437
see,6.676643558018751
far,8.059768344377362
go,6.840096630508322
over,6.725433722188183
raise,9.78659380106463
get,6.260652036923599
grip,11.258283246596648
blossomed,14.046182375699276
fodder,12.986958740398126
massive,9.854697388366697
glittering,13.37725562703312
contacts,11.190841965801114
glittering,13.37725562703312
far,8.059768344377362
Long,7.344711054181673
Road,8.656455258749745
Home,7.344711054181673
HQ,12.1346826494435
show,7.643809960553359
catch,9.510095025662231
new,6.331141914678144
kicked,10.637456727616328
turn,8.473176305999463
pressure,9.190537744680004
caught,9.441012189711184
involved,8.979228651012797
means,8.198739460297702
raised,9.57850969534065
situations,10.4311202946185
brought,8.8387768155437
Bastard,11.766528223769146
old,7.484008708070583
tricks,11.169335760580152
pointed,10.455135170822372
giving,8.866750667586105
gave,8.633727007672189
taken,8.449534542942423
place,7.575234712793504
give,7.575234712793504
full,7.966185778017415
trip,9.441012189711184
followed,9.09701168666918
folded,12.01876354722518
link,9.233608998915535
situation,9.003326202591856
clearer,12.1346826494435
network,9.161550207806751
Orchestra,11.493122837674049
led,8.955698153602603
biggest,9.371683522384943
Front,8.563237129917644
feeding,10.86582222291169
saw,8.426438828147774
damage,9.441012189711184
aims,11.030499315725937
saw,8.426438828147774
opened,9.5556515572646
lines,9.32575122348751
get,6.260652036923599
stuff,8.88825687280707
contacts,11.190841965801114
found,7.643809960553359
sophisticated,11.399596779663224
musicians,11.305911295585902
end,7.643809960553359
doubtful,12.618562368575304
double,9.190537744680004
lot,7.806697372521679
network,9.161550207806751
sources,9.57850969534065
new,6.331141914678144
source,8.866750667586105
network,9.161550207806751
Ring,9.647296147175718
contacts,11.190841965801114
main,8.656455258749745
contacts,11.190841965801114
head,8.034767042171945
part,7.413593361237089
plot,10.177924398237888
disclosed,11.973374881411152
responsible,9.48609387356269
go,6.840096630508322
substantial,10.752119635936468
breaking,9.808177372731803
ring,9.647296147175718
great,7.183508780568644
tried,8.8387768155437
bypass,12.066310703155017
go,6.840096630508322
direct,9.417364541410508
link,9.233608998915535
background,9.739669467306731
get,6.260652036923599
skin,9.417364541410508
further,8.497390564120058
came,8.059768344377362
fronts,12.526277909687517
take,7.091678117143066
list,8.563237129917644
forms,9.832097556449456
form,8.497390564120058
line,8.082169281066529
Bear,9.877819805787553
bought,9.417364541410508
immunity,11.719949634404555
snapped,11.949881240169764
snapped,11.949881240169764
hands,8.8387768155437
that,4.585367558691911
clean,9.279690450110976
stick,9.76372561016097
Go,6.840096630508322
irritated,12.664938530365454
get,6.260652036923599
skin,9.417364541410508
broke,9.5556515572646
honour,10.66277453560062
cold,9.161550207806751
traded,11.169335760580152
kept,9.210340371976182
dreaming,11.651038767099864
responsible,9.48609387356269
heard,8.589763884251074
stopped,9.57850969534065
Wiped,11.83588935156665
challenged,11.305911295585902
sources,9.57850969534065
felt,8.910235779525845
pass,9.09701168666918
wipe,11.493122837674049
disappeared,10.914088963881523
targets,10.845096092394574
absorbed,11.696848303131157
make,6.725433722188183
community,8.426438828147774
forged,12.157282481360742
contacts,11.190841965801114
behind,8.542510999400527
dream,9.417364541410508
see,6.676643558018751
lost,8.314252347419547
linked,10.26877087101146
got,7.114779448416464
there,6.194805471126012
safe,9.053336623166516
draw,9.647296147175718
network,9.161550207806751
gateway,11.904487667909402
Ghosts,11.788678966556736
extend,10.72902392114182
hell,8.979228651012797
ties,10.70644959910328
mean,7.989510450583824
helped,9.48609387356269
build,9.115030192171858
empire,10.26877087101146
stop,8.01339218258721
snapped,11.949881240169764
surface,9.601902574915355
bridged,14.39176398705272
gap,10.4311202946185
changed,9.053336623166516
subject,9.302455660883988
ask,8.426438828147774
cleared,11.055500617931353
dirty,10.245977861482904
washing,11.21282087251989
wrung,15.289543833392171
attitude,10.177924398237888
run,8.082169281066529
iron,9.808177372731803
fist,11.766528223769146
returned,9.624341811106634
new,6.331141914678144
safe,9.053336623166516
picked,9.854697388366697
orders,9.832097556449456
stumbling,13.009034692097323
screwing,12.803909646285794
force,8.679712120914012
got,7.114779448416464
lot,7.806697372521679
lost,8.314252347419547
Link,9.233608998915535
strongest,11.235293728371948
lead,8.752915524937308
follow,8.88825687280707
reopened,12.68733946705462
proceed,11.100815814143395
high,7.484008708070583
ladder,11.445266816496414
go,6.840096630508322
stunned,12.24898014654145
got,7.114779448416464
stashed,13.930921409475602
away,7.782424336165473
got,7.114779448416464
crisis,10.085009429159518
see,6.676643558018751
son,8.563237129917644
bitch,9.76372561016097
passing,10.061311637729696
found,7.643809960553359
change,7.966185778017415
missed,9.601902574915355
backdrop,12.480509491231937
give,7.575234712793504
meant,9.348453674105818
glamorous,12.664938530365454
spent,9.161550207806751
bitten,12.68733946705462
take,7.091678117143066
way,6.887952651685957
handled,10.936312100666235
ram,11.074670534039074
bang,10.77576139899351
approach,9.371683522384943
department,8.679712120914012
department,8.679712120914012
running,8.679712120914012
heard,8.589763884251074
home,7.344711054181673
shared,9.946395053547404
old,7.484008708070583
border,9.901489549873457
get,6.260652036923599
heart,8.497390564120058
blew,11.235293728371948
put,7.690827167070069
put,7.690827167070069
spent,9.161550207806751
home,7.344711054181673
home,7.344711054181673
stopped,9.57850969534065
thing,7.55211229537265
dreamt,13.054704728930512
home,7.344711054181673
after,6.653113060608557
Catching,11.055500617931353
lost,8.314252347419547
heading,10.40766863358345
middle,8.79823072114935
hell,8.979228651012797
emotional,9.993412260064115
Stop,8.01339218258721
knocking,11.788678966556736
Makes,8.152550077828328
change,7.966185778017415
leave,8.426438828147774
tough,9.739669467306731
crammed,13.37725562703312
chased,12.110762465725848
shit,8.105083540589405
stopped,9.57850969534065
shits,12.340747548856775
reminded,11.120883377194204
bastards,12.363896730723742
go,6.840096630508322
things,7.505592279737757
hide,10.26877087101146
means,8.198739460297702
team,7.667042262046627
sorted,11.904487667909402
feel,7.667042262046627
got,7.114779448416464
market,8.542510999400527
low,8.449534542942423
get,6.260652036923599
stood,10.199201796685172
there,6.194805471126012
let,7.829058552679836
stood,10.199201796685172
there,6.194805471126012
lower,8.955698153602603
keen,11.21282087251989
prepared,9.808177372731803
go,6.840096630508322
lot,7.806697372521679
soaking,12.825969364350524
manage,10.26877087101146
Fair,9.233608998915535
Fair,9.233608998915535
intrude,14.25246633316381
privacy,10.68437364740408
bit,8.360189442606572
include,8.72791422273189
included,9.142681723502369
say,7.161358037781056
says,8.082169281066529
point,7.966185778017415
point,7.966185778017415
get,6.260652036923599
thing,7.55211229537265
way,6.887952651685957
work,6.999870567889943
then,6.750751530172472
work,6.999870567889943
keeps,9.969627355040672
long,7.344711054181673
sorting,12.41186755850977
warm,9.877819805787553
get,6.260652036923599
then,6.750751530172472
full,7.966185778017415
full,7.966185778017415
about,5.987472525838444
put,7.690827167070069
boiling,12.089178894058676
high,7.484008708070583
then,6.750751530172472
then,6.750751530172472
heavy,9.302455660883988
see,6.676643558018751
then,6.750751530172472
now,6.495645628155304
again,7.598904456879409
now,6.495645628155304
again,7.598904456879409
went,8.059768344377362
went,8.059768344377362
Hell,8.979228651012797
lot,7.806697372521679
flights,11.030499315725937
kitchen,10.015537056344751
diner,12.710253726577497
studio,9.993412260064115
got,7.114779448416464
call,8.034767042171945
cupboard,12.803909646285794
swing,10.72902392114182
cat,9.716178454231134
says,8.082169281066529
dampen,14.25246633316381
situation,9.003326202591856
give,7.575234712793504
give,7.575234712793504
band,9.394263210137112
now,6.495645628155304
again,7.598904456879409
then,6.750751530172472
shifts,11.493122837674049
fair,9.233608998915535
long,7.344711054181673
find,7.461140517166924
environment,9.510095025662231
work,6.999870567889943
then,6.750751530172472
argument,10.03816245586273
fell,9.5556515572646
little,7.484008708070583
way,6.887952651685957
then,6.750751530172472
bother,10.616837440413592
then,6.750751530172472
keep,7.690827167070069
keep,7.690827167070069
watch,8.426438828147774
a little,7.507412116454743
then,6.750751530172472
sticks,11.190841965801114
then,6.750751530172472
feel,7.667042262046627
make,6.725433722188183
see,6.676643558018751
then,6.750751530172472
wheels,10.936312100666235
wheel-less,10.458613435198698
Put,7.690827167070069
looking,7.896616703691127
got,7.114779448416464
pack,9.993412260064115
long,7.344711054181673
makes,8.152550077828328
bit,8.360189442606572
pulling,10.70644959910328
reasonably,11.445266816496414
feel,7.667042262046627
feel,7.667042262046627
long,7.344711054181673
got,7.114779448416464
got,7.114779448416464
got,7.114779448416464
Bloody,10.86582222291169
hell,8.979228651012797
bloody,10.86582222291169
hell,8.979228651012797
up to,6.0968250627658085
bit,8.360189442606572
odd,10.545941618780557
deal,8.473176305999463
deal,8.473176305999463
there,6.194805471126012
limit,9.901489549873457
limit,9.901489549873457
about,5.987472525838444
bloody,10.86582222291169
hell,8.979228651012797
odd,10.545941618780557
release,9.003326202591856
pick,9.028018815182229
look,7.344711054181673
give,7.575234712793504
take,7.091678117143066
finding,9.5556515572646
finding,9.5556515572646
finding,9.5556515572646
tight,10.199201796685172
old,7.484008708070583
squeeze,11.651038767099864
back,6.812445099177812
come,7.413593361237089
assembled,11.605040753878034
Come,7.413593361237089
call,8.034767042171945
going,7.045868581111772
then,6.750751530172472
candid,12.778773673014252
Go,6.840096630508322
candid,12.778773673014252
popped,11.858236650258643
see,6.676643558018751
lift,10.362353437371407
little,7.484008708070583
lift,10.362353437371407
see,6.676643558018751
drinky-poos,17.245107414148126
Come,7.413593361237089
feel,7.667042262046627
feel,7.667042262046627
drop,9.233608998915535
make,6.725433722188183
getting,7.896616703691127
keep,7.690827167070069
made,7.091678117143066
run,8.082169281066529
bomb,10.131643645673885
thing,7.55211229537265
popping,11.904487667909402
load,10.177924398237888
rubbish,11.812680118656278
rubbish,11.812680118656278
pop,9.510095025662231
feel,7.667042262046627
feel,7.667042262046627
feel,7.667042262046627
Struggled,11.493122837674049
go,6.840096630508322
fair,9.233608998915535
save,8.88825687280707
then,6.750751530172472
see,6.676643558018751
feel,7.667042262046627
Save,8.88825687280707
save,8.88825687280707
feel,7.667042262046627
feel,7.667042262046627
feel,7.667042262046627
feel,7.667042262046627
feel,7.667042262046627
feel,7.667042262046627
change,7.966185778017415
feel,7.667042262046627
feel,7.667042262046627
feel,7.667042262046627
heady,13.976853708373037
see,6.676643558018751
call,8.034767042171945
call,8.034767042171945
make,6.725433722188183
get,6.260652036923599
get,6.260652036923599
got,7.114779448416464
make,6.725433722188183
call,8.034767042171945
call,8.034767042171945
call,8.034767042171945
bit,8.360189442606572
there,6.194805471126012
there,6.194805471126012
whole,8.152550077828328
end,7.643809960553359
about,5.987472525838444
save,8.88825687280707
feel,7.667042262046627
bloody,10.86582222291169
then,6.750751530172472
that,4.585367558691911
long,7.344711054181673
save,8.88825687280707
feeling,8.910235779525845
sound,8.866750667586105
Middle,8.79823072114935
that,4.585367558691911
that,4.585367558691911
seen,8.01339218258721
going,7.045868581111772
keen,11.21282087251989
close,8.381788554410035
bloody,10.86582222291169
about,5.987472525838444
spread,9.647296147175718
gives,9.142681723502369
bit,8.360189442606572
character,8.955698153602603
World,7.161358037781056
war,8.152550077828328
bloody,10.86582222291169
got,7.114779448416464
now,6.495645628155304
Break,8.79823072114935
game,7.55211229537265
bulbs,12.54856295447695
Break,8.79823072114935
line,8.082169281066529
back,6.812445099177812
take,7.091678117143066
There,6.194805471126012
go,6.840096630508322
see,6.676643558018751
short,8.449534542942423
then,6.750751530172472
go,6.840096630508322
little,7.484008708070583
bit,8.360189442606572
come,7.413593361237089
going,7.045868581111772
see,6.676643558018751
got,7.114779448416464
action,8.633727007672189
line,8.082169281066529
see,6.676643558018751
got,7.114779448416464
got,7.114779448416464
about,5.987472525838444
bet,9.693226627052931
came,8.059768344377362
before,7.0690984293909
heavy,9.302455660883988
lines,9.32575122348751
going,7.045868581111772
see,6.676643558018751
start,7.921107723699423
get,6.260652036923599
start,7.921107723699423
get,6.260652036923599
leave,8.426438828147774
cleared,11.055500617931353
drums,11.674268615378992
about,5.987472525838444
far,8.059768344377362
that,4.585367558691911
far,8.059768344377362
come,7.413593361237089
long,7.344711054181673
way,6.887952651685957
pop,9.510095025662231
know,6.676643558018751
hang,10.131643645673885
got,7.114779448416464
put,7.690827167070069
weak,9.993412260064115
stuff,8.88825687280707
know,6.676643558018751
claimed,10.03816245586273
claimed,10.03816245586273
took,8.034767042171945
about,5.987472525838444
about,5.987472525838444
took,8.034767042171945
know,6.676643558018751
fair,9.233608998915535
line,8.082169281066529
line,8.082169281066529
know,6.676643558018751
hell,8.979228651012797
going,7.045868581111772
rough,10.384754374060574
got,7.114779448416464
naturally,10.40766863358345
fit,9.32575122348751
point,7.966185778017415
dropped,9.832097556449456
put,7.690827167070069
speaking,9.417364541410508
usage,10.982297213908058
killing,9.48609387356269
give,7.575234712793504
monkeys,11.83588935156665
pass,9.09701168666918
disgusting,10.982297213908058
got,7.114779448416464
here,6.977105357116931
wipe,11.493122837674049
make,6.725433722188183
putting,9.533304258572604
common,8.752915524937308
thing,7.55211229537265
go,6.840096630508322
Go,6.840096630508322
go,6.840096630508322
leaves,9.693226627052931
say,7.161358037781056
thing,7.55211229537265
play,7.806697372521679
say,7.161358037781056
About,5.987472525838444
about,5.987472525838444
Decent,10.592642711826535
reasonable,10.154516307339874
go,6.840096630508322
upto,13.333084408719982
reasonable,10.154516307339874
under,7.52951246345541
go,6.840096630508322
go,6.840096630508322
go,6.840096630508322
there,6.194805471126012
got,7.114779448416464
got,7.114779448416464
get,6.260652036923599
decent,10.592642711826535
get,6.260652036923599
collecting,11.100815814143395
getting,7.896616703691127
together,8.152550077828328
about,5.987472525838444
come,7.413593361237089
bloody,10.86582222291169
hell,8.979228651012797
quarter,9.854697388366697
come,7.413593361237089
set,7.851931214345828
ways,9.070578429601024
cut,8.656455258749745
short,8.449534542942423
breast,10.70644959910328
short,8.449534542942423
injected,12.226275352847694
Put,7.690827167070069
waste,9.647296147175718
spent,9.161550207806751
order,8.082169281066529
inject,12.803909646285794
fair,9.233608998915535
putting,9.533304258572604
bounce,11.464135300800796
yo-yo,11.169335760580152
get,6.260652036923599
further,8.497390564120058
there,6.194805471126012
come,7.413593361237089
hang,10.131643645673885
cross,9.210340371976182
keep,7.690827167070069
put,7.690827167070069
order,8.082169281066529
moving,9.161550207806751
thing,7.55211229537265
got,7.114779448416464
got,7.114779448416464
about,5.987472525838444
Bloody,10.86582222291169
hell,8.979228651012797
getting,7.896616703691127
got,7.114779448416464
got,7.114779448416464
join,9.210340371976182
strong,8.703522769607732
way,6.887952651685957
feel,7.667042262046627
going,7.045868581111772
about,5.987472525838444
emptied,13.102560750108148
line,8.082169281066529
stoop,13.49342705879516
sovereign,11.628336316481557
reckon,12.066310703155017
rest,8.679712120914012
odd,10.545941618780557
funny,9.161550207806751
before,7.0690984293909
put,7.690827167070069
put,7.690827167070069
about,5.987472525838444
about,5.987472525838444
quarter,9.854697388366697
about,5.987472525838444
washed,11.281813744006842
comes,8.381788554410035
lost,8.314252347419547
lost,8.314252347419547
thing,7.55211229537265
got,7.114779448416464
make,6.725433722188183
sure,7.667042262046627
make,6.725433722188183
take,7.091678117143066
reach,9.348453674105818
goal,9.070578429601024
took,8.034767042171945
lose,9.028018815182229
lose,9.028018815182229
that,4.585367558691911
going,7.045868581111772
long,7.344711054181673
Take,7.091678117143066
going,7.045868581111772
Make,6.725433722188183
order,8.082169281066529
form,8.497390564120058
thing,7.55211229537265
bleeding,11.330603908176274
rabbit,11.399596779663224
Fair,9.233608998915535
work,6.999870567889943
come,7.413593361237089
make,6.725433722188183
go,6.840096630508322
point,7.966185778017415
before,7.0690984293909
give,7.575234712793504
give,7.575234712793504
working,8.17360348702616
bloody,10.86582222291169
getting,7.896616703691127
end,7.643809960553359
mad,9.808177372731803
ripe,12.272212448034718
keep,7.690827167070069
touch,9.417364541410508
shoved,12.75772026381642
away,7.782424336165473
got,7.114779448416464
bloody,10.86582222291169
picking,10.501324553291749
far,8.059768344377362
about,5.987472525838444
bloody,10.86582222291169
admitted,10.384754374060574
worry,9.57850969534065
got,7.114779448416464
regards,11.055500617931353
take,7.091678117143066
way,6.887952651685957
get,6.260652036923599
get,6.260652036923599
made,7.091678117143066
other,6.536191722549654
get,6.260652036923599
power,8.01339218258721
got,7.114779448416464
back,6.812445099177812
lot,7.806697372521679
made,7.091678117143066
power,8.01339218258721
feel,7.667042262046627
lot,7.806697372521679
make,6.725433722188183
things,7.505592279737757
Getting,7.896616703691127
get,6.260652036923599
get,6.260652036923599
egg,10.455135170822372
face,8.17360348702616
way,6.887952651685957
way,6.887952651685957
see,6.676643558018751
get,6.260652036923599
rise,9.647296147175718
get,6.260652036923599
stamp,11.258283246596648
sorry,8.79823072114935
get,6.260652036923599
stroke,10.89234897724512
work,6.999870567889943
strokes,12.089178894058676
strokes,12.089178894058676
split,10.015537056344751
stroke,10.89234897724512
way,6.887952651685957
Got,7.114779448416464
thing,7.55211229537265
See,6.676643558018751
got,7.114779448416464
stroke,10.89234897724512
stroke,10.89234897724512
reckon,12.066310703155017
couple,8.772085441045027
stroke,10.89234897724512
took,8.034767042171945
took,8.034767042171945
recall,10.592642711826535
long,7.344711054181673
recall,10.592642711826535
bloody,10.86582222291169
hell,8.979228651012797
small,8.034767042171945
small,8.034767042171945
about,5.987472525838444
passed,9.394263210137112
couple,8.772085441045027
passed,9.394263210137112
see,6.676643558018751
about,5.987472525838444
passed,9.394263210137112
about,5.987472525838444
about,5.987472525838444
keep,7.690827167070069
keep,7.690827167070069
that,4.585367558691911
line,8.082169281066529
things,7.505592279737757
lines,9.32575122348751
line,8.082169281066529
recall,10.592642711826535
things,7.505592279737757
line,8.082169281066529
sets,9.923690259853648
lost,8.314252347419547
taking,8.314252347419547
taking,8.314252347419547
took,8.034767042171945
lost,8.314252347419547
take,7.091678117143066
things,7.505592279737757
give,7.575234712793504
bloody,10.86582222291169
tips,10.177924398237888
avoid,9.510095025662231
avoid,9.510095025662231
bloody,10.86582222291169
gone,8.818298284200159
gone,8.818298284200159
bloody,10.86582222291169
that,4.585367558691911
way,6.887952651685957
bloody,10.86582222291169
hell,8.979228651012797
See,6.676643558018751
bet,9.693226627052931
going,7.045868581111772
look,7.344711054181673
far,8.059768344377362
between,7.437084374312687
took,8.034767042171945
taken,8.449534542942423
find,7.461140517166924
high,7.484008708070583
take,7.091678117143066
stage,8.979228651012797
further,8.497390564120058
got,7.114779448416464
high,7.484008708070583
made,7.091678117143066
take,7.091678117143066
stage,8.979228651012797
took,8.034767042171945
step,8.910235779525845
further,8.497390564120058
lot,7.806697372521679
bloody,10.86582222291169
kept,9.210340371976182
thing,7.55211229537265
that,4.585367558691911
that,4.585367558691911
see,6.676643558018751
runs,9.57850969534065
hell,8.979228651012797
shock,10.455135170822372
See,6.676643558018751
pretty,8.334871634622283
penny,11.355921716160564
quick,9.25638431047759
quick,9.25638431047759
Put,7.690827167070069
bloody,10.86582222291169
end,7.643809960553359
see,6.676643558018751
old,7.484008708070583
old,7.484008708070583
look,7.344711054181673
look,7.344711054181673
lot,7.806697372521679
look,7.344711054181673
range,8.932708635377903
hell,8.979228651012797
lot,7.806697372521679
odd,10.545941618780557
hell,8.979228651012797
lot,7.806697372521679
lot,7.806697372521679
got,7.114779448416464
got,7.114779448416464
cabbage,12.54856295447695
bet,9.693226627052931
go,6.840096630508322
make,6.725433722188183
far,8.059768344377362
seen,8.01339218258721
go,6.840096630508322
come,7.413593361237089
goes,8.703522769607732
Feels,9.441012189711184
getting,7.896616703691127
getting,7.896616703691127
getting,7.896616703691127
go,6.840096630508322
give,7.575234712793504
give,7.575234712793504
get,6.260652036923599
open,8.105083540589405
get,6.260652036923599
bit,8.360189442606572
run,8.082169281066529
run,8.082169281066529
run,8.082169281066529
came,8.059768344377362
support,7.989510450583824
legless,15.405145843102195
got,7.114779448416464
end,7.643809960553359
go,6.840096630508322
Interrupted,11.858236650258643
stories,9.32575122348751
stories,9.32575122348751
Coarse,12.871604659057146
give,7.575234712793504
habits,11.030499315725937
bit,8.360189442606572
bit,8.360189442606572
gone,8.818298284200159
give,7.575234712793504
end,7.643809960553359
end,7.643809960553359
dead,8.772085441045027
about,5.987472525838444
about,5.987472525838444
about,5.987472525838444
hand,8.266434473069054
making,7.966185778017415
bit,8.360189442606572
making,7.966185778017415
bound,10.455135170822372
got,7.114779448416464
situation,9.003326202591856
gave,8.633727007672189
band,9.394263210137112
bit,8.360189442606572
rough,10.384754374060574
seeing,9.115030192171858
band,9.394263210137112
band,9.394263210137112
lying,9.969627355040672
band,9.394263210137112
went,8.059768344377362
bastards,12.363896730723742
get,6.260652036923599
bloody,10.86582222291169
get,6.260652036923599
got,7.114779448416464
see,6.676643558018751
take,7.091678117143066
get,6.260652036923599
banging,12.24898014654145
put,7.690827167070069
put,7.690827167070069
fit,9.32575122348751
bit,8.360189442606572
crushed,11.445266816496414
bloody,10.86582222291169
hell,8.979228651012797
see,6.676643558018751
free,7.75872654473565
free,7.75872654473565
reckon,12.066310703155017
about,5.987472525838444
Get,6.260652036923599
blood,8.979228651012797
going,7.045868581111772
load,10.177924398237888
bands,10.66277453560062
chartsey,19.92720304186209
stuff,8.88825687280707
stuff,8.88825687280707
draw,9.647296147175718
punters,14.18367988132874
chart,10.4311202946185
stuff,8.88825687280707
Top,7.896616703691127
stuff,8.88825687280707
sense,8.772085441045027
see,6.676643558018751
live,7.966185778017415
context,10.061311637729696
live,7.966185778017415
stuff,8.88825687280707
backing,10.982297213908058
messed,11.493122837674049
moaning,12.825969364350524
away,7.782424336165473
came,8.059768344377362
contraption,14.229511997094724
Stuck,9.946395053547404
sore,11.536194091909582
point,7.966185778017415
dirty,10.245977861482904
tricks,11.169335760580152
called,7.851931214345828
there,6.194805471126012
dirty,10.245977861482904
tricks,11.169335760580152
full,7.966185778017415
ties,10.70644959910328
getting,7.896616703691127
got,7.114779448416464
about,5.987472525838444
call,8.034767042171945
view,8.772085441045027
gon,13.031609014135864
stick,9.76372561016097
getting,7.896616703691127
rough,10.384754374060574
about,5.987472525838444
bottom,9.57850969534065
end,7.643809960553359
got,7.114779448416464
positioned,11.995811720046978
get,6.260652036923599
dirty,10.245977861482904
story,8.17360348702616
save,8.88825687280707
get,6.260652036923599
got,7.114779448416464
bought,9.417364541410508
get,6.260652036923599
get,6.260652036923599
limit,9.901489549873457
put,7.690827167070069
left,7.782424336165473
got,7.114779448416464
putting,9.533304258572604
packed,10.799975657114103
way,6.887952651685957
way,6.887952651685957
got,7.114779448416464
aspect,10.5690195660631
looking,7.896616703691127
messing,11.92692690410068
makes,8.152550077828328
picture,8.910235779525845
little,7.484008708070583
sorted,11.904487667909402
get,6.260652036923599
play,7.806697372521679
see,6.676643558018751
get,6.260652036923599
get,6.260652036923599
catched,15.886983929994932
sort,9.210340371976182
diamond,10.545941618780557
get,6.260652036923599
little,7.484008708070583
ferret,13.795707930668094
massive,9.854697388366697
got,7.114779448416464
got,7.114779448416464
bottom,9.57850969534065
quick,9.25638431047759
get,6.260652036923599
Sod,13.23889719366028
looking,7.896616703691127
Bastards,12.363896730723742
stealing,10.982297213908058
put,7.690827167070069
Punters,14.18367988132874
go,6.840096630508322
go,6.840096630508322
wants,8.656455258749745
rules,9.070578429601024
Full,7.966185778017415
stop,8.01339218258721
treating,10.89234897724512
look,7.344711054181673
treating,10.89234897724512
things,7.505592279737757
apply,9.647296147175718
mean,7.989510450583824
punters,14.18367988132874
came,8.059768344377362
Bet,9.693226627052931
rough,10.384754374060574
Waste,9.647296147175718
bit,8.360189442606572
rough,10.384754374060574
Great,7.183508780568644
way,6.887952651685957
way,6.887952651685957
make,6.725433722188183
work,6.999870567889943
bloody,10.86582222291169
bend,11.21282087251989
load,10.177924398237888
crap,10.592642711826535
odd,10.545941618780557
damage,9.441012189711184
orifice,14.344839653294825
way,6.887952651685957
knocks,12.434228738667928
lead,8.752915524937308
wants,8.656455258749745
thing,7.55211229537265
see,6.676643558018751
get,6.260652036923599
going,7.045868581111772
sorted,11.904487667909402
stuff,8.88825687280707
see,6.676643558018751
Bloody,10.86582222291169
hell,8.979228651012797
things,7.505592279737757
Wants,8.656455258749745
Chamber,10.4311202946185
Horrors,12.618562368575304
concerned,9.78659380106463
trying,8.128535201624453
thing,7.55211229537265
thing,7.55211229537265
dot,11.399596779663224
things,7.505592279737757
get,6.260652036923599
usage,10.982297213908058
mean,7.989510450583824
says,8.082169281066529
wicked,11.536194091909582
thing,7.55211229537265
go,6.840096630508322
mean,7.989510450583824
little,7.484008708070583
Come,7.413593361237089
give,7.575234712793504
Go,6.840096630508322
drives,10.86582222291169
longer,8.8387768155437
see,6.676643558018751
got,7.114779448416464
short,8.449534542942423
concentration,10.89234897724512
background,9.739669467306731
little,7.484008708070583
bit,8.360189442606572
lot,7.806697372521679
put,7.690827167070069
went,8.059768344377362
comes,8.381788554410035
go,6.840096630508322
stay,8.449534542942423
middle,8.79823072114935
deal,8.473176305999463
run,8.082169281066529
naughty,11.904487667909402
stand,8.88825687280707
go,6.840096630508322
About,5.987472525838444
load,10.177924398237888
lot,7.806697372521679
make,6.725433722188183
sort,9.210340371976182
Go,6.840096630508322
ride,9.5556515572646
sorting,12.41186755850977
take,7.091678117143066
poor,9.003326202591856
old,7.484008708070583
lady,9.32575122348751
Poor,9.003326202591856
old,7.484008708070583
lady,9.32575122348751
pig,11.190841965801114
pig,11.190841965801114
way,6.887952651685957
takes,8.79823072114935
about,5.987472525838444
cringing,14.413347558719895
put,7.690827167070069
rubbish,11.812680118656278
makes,8.152550077828328
cringe,12.571355964005509
things,7.505592279737757
comes,8.381788554410035
clear,8.633727007672189
far,8.059768344377362
back,6.812445099177812
go,6.840096630508322
Wicked,11.536194091909582
things,7.505592279737757
pass,9.09701168666918
give,7.575234712793504
big,7.667042262046627
wanted,8.381788554410035
wanted,8.381788554410035
give,7.575234712793504
gone,8.818298284200159
detail,10.199201796685172
about,5.987472525838444
things,7.505592279737757
sorted,11.904487667909402
far,8.059768344377362
got,7.114779448416464
about,5.987472525838444
sort,9.210340371976182
about,5.987472525838444
lose,9.028018815182229
sort,9.210340371976182
fetch,12.318122149338796
polishing,13.168407315905736
touches,11.558969403471636
keen,11.21282087251989
pursue,10.914088963881523
pursuing,11.605040753878034
put,7.690827167070069
things,7.505592279737757
passes,10.476188580020208
get,6.260652036923599
passing,10.061311637729696
given,8.266434473069054
throw,9.601902574915355
away,7.782424336165473
swings,12.29599735305816
way,6.887952651685957
lot,7.806697372521679
lot,7.806697372521679
got,7.114779448416464
away,7.782424336165473
pulling,10.70644959910328
weight,9.161550207806751
got,7.114779448416464
cover,9.028018815182229
takes,8.79823072114935
covering,10.476188580020208
covered,9.601902574915355
about,5.987472525838444
covering,10.476188580020208
sorted,11.904487667909402
got,7.114779448416464
gall,13.122363377404328
short,8.449534542942423
answer,8.818298284200159
point,7.966185778017415
puts,10.29209554357787
foot,9.510095025662231
taking,8.314252347419547
side,8.059768344377362
things,7.505592279737757
far,8.059768344377362
take,7.091678117143066
that,4.585367558691911
upsetting,12.501786889679218
fair,9.233608998915535
get,6.260652036923599
made,7.091678117143066
got,7.114779448416464
give,7.575234712793504
lines,9.32575122348751
made,7.091678117143066
that,4.585367558691911
thing,7.55211229537265
thing,7.55211229537265
fine,8.679712120914012
got,7.114779448416464
gets,8.633727007672189
sheet,10.592642711826535
come,7.413593361237089
contact,9.233608998915535
old,7.484008708070583
trick,10.40766863358345
come,7.413593361237089
come,7.413593361237089
loads,11.006107862601777
loads,11.006107862601777
details,9.417364541410508
rotten,11.949881240169764
old,7.484008708070583
pig,11.190841965801114
feel,7.667042262046627
stop,8.01339218258721
manage,10.26877087101146
Pet,10.476188580020208
come,7.413593361237089
little,7.484008708070583
bit,8.360189442606572
busy,9.78659380106463
bit,8.360189442606572
bit,8.360189442606572
before,7.0690984293909
getting,7.896616703691127
keeping,9.57850969534065
Exhausted,11.330603908176274
there,6.194805471126012
hard,7.989510450583824
come,7.413593361237089
long,7.344711054181673
way,6.887952651685957
keep,7.690827167070069
give,7.575234712793504
pop,9.510095025662231
give,7.575234712793504
coming,8.29005761883249
monster,10.384754374060574
monster,10.384754374060574
come,7.413593361237089
there,6.194805471126012
menace,12.571355964005509
there,6.194805471126012
add,9.003326202591856
add,9.003326202591856
Share,8.752915524937308
add,9.003326202591856
add,9.003326202591856
add,9.003326202591856
add,9.003326202591856
add,9.003326202591856
add,9.003326202591856
Take,7.091678117143066
additions,11.973374881411152
left,7.782424336165473
add,9.003326202591856
add,9.003326202591856
add,9.003326202591856
add,9.003326202591856
add,9.003326202591856
way,6.887952651685957
addition,9.190537744680004
Hang,10.131643645673885
addition,9.190537744680004
addition,9.190537744680004
go,6.840096630508322
add,9.003326202591856
way,6.887952651685957
follow,8.88825687280707
addition,9.190537744680004
addition,9.190537744680004
adds,10.637456727616328
divisions,11.258283246596648
divisions,11.258283246596648
shared,9.946395053547404
got,7.114779448416464
division,9.533304258572604
shared,9.946395053547404
shared,9.946395053547404
shared,9.946395053547404
go,6.840096630508322
swap,11.651038767099864
division,9.533304258572604
shared,9.946395053547404
shared,9.946395053547404
Got,7.114779448416464
got,7.114779448416464
Hang,10.131643645673885
get,6.260652036923599
line,8.082169281066529
get,6.260652036923599
going,7.045868581111772
going,7.045868581111772
Going,7.045868581111772
put,7.690827167070069
shared,9.946395053547404
lines,9.32575122348751
shared,9.946395053547404
shared,9.946395053547404
divided,10.4311202946185
divided,10.4311202946185
Hang,10.131643645673885
Hang,10.131643645673885
takes,8.79823072114935
get,6.260652036923599
line,8.082169281066529
get,6.260652036923599
get,6.260652036923599
cow,11.190841965801114
lot,7.806697372521679
fill,10.03816245586273
ready,8.563237129917644
put,7.690827167070069
little,7.484008708070583
sod,13.23889719366028
spot,9.4639431307751
give,7.575234712793504
about,5.987472525838444
snatch,12.594680636571915
thing,7.55211229537265
hang,10.131643645673885
hang,10.131643645673885
see,6.676643558018751
details,9.417364541410508
go,6.840096630508322
thing,7.55211229537265
gone,8.818298284200159
reduced,10.03816245586273
hell,8.979228651012797
go,6.840096630508322
reduced,10.03816245586273
see,6.676643558018751
reduced,10.03816245586273
go,6.840096630508322
over,6.725433722188183
full,7.966185778017415
before,7.0690984293909
there,6.194805471126012
feel,7.667042262046627
credit,9.210340371976182
column,10.752119635936468
got,7.114779448416464
stage,8.979228651012797
went,8.059768344377362
feel,7.667042262046627
atmosphere,10.455135170822372
that,4.585367558691911
went,8.059768344377362
sells,11.305911295585902
thing,7.55211229537265
lost,8.314252347419547
running,8.679712120914012
touched,10.819778284410283
way,6.887952651685957
about,5.987472525838444
draw,9.647296147175718
line,8.082169281066529
made,7.091678117143066
ties,10.70644959910328
tied,10.4311202946185
pushing,10.501324553291749
long,7.344711054181673
retired,10.501324553291749
pressing,11.330603908176274
come,7.413593361237089
long,7.344711054181673
full,7.966185778017415
Took,8.034767042171945
Took,8.034767042171945
took,8.034767042171945
Extension,10.455135170822372
way,6.887952651685957
come,7.413593361237089
go,6.840096630508322
went,8.059768344377362
before,7.0690984293909
give,7.575234712793504
there,6.194805471126012
go,6.840096630508322
come,7.413593361237089
come,7.413593361237089
full,7.966185778017415
bits,11.100815814143395
see,6.676643558018751
making,7.966185778017415
about,5.987472525838444
load,10.177924398237888
load,10.177924398237888
browse,12.45710140033392
range,8.932708635377903
runners,11.58227554310502
carried,9.739669467306731
away,7.782424336165473
coming,8.29005761883249
Mind,8.266434473069054
job,8.059768344377362
got,7.114779448416464
stunt,11.83588935156665
Claims,9.533304258572604
reckon,12.066310703155017
concentrate,11.355921716160564
find,7.461140517166924
hard,7.989510450583824
shot,8.703522769607732
pushing,10.501324553291749
picking,10.501324553291749
market,8.542510999400527
find,7.461140517166924
hard,7.989510450583824
cutting,10.109282465515724
moving,9.161550207806751
wide,9.302455660883988
range,8.932708635377903
going,7.045868581111772
lot,7.806697372521679
There,6.194805471126012
go,6.840096630508322
range,8.932708635377903
Fine,8.679712120914012
needs,8.360189442606572
needs,8.360189442606572
see,6.676643558018751
things,7.505592279737757
lot,7.806697372521679
stage,8.979228651012797
give,7.575234712793504
give,7.575234712793504
give,7.575234712793504
point,7.966185778017415
go,6.840096630508322
get,6.260652036923599
get,6.260652036923599
help,7.484008708070583
dark,9.115030192171858
soaks,14.78309458422598
market,8.542510999400527
picks,10.959040351743791
see,6.676643558018751
market,8.542510999400527
Go,6.840096630508322
fill,10.03816245586273
Fine,8.679712120914012
Give,7.575234712793504
save,8.88825687280707
fill,10.03816245586273
Fine,8.679712120914012
Fine,8.679712120914012
drawing,10.177924398237888
lines,9.32575122348751
Drawing,10.177924398237888
goes,8.703522769607732
see,6.676643558018751
lot,7.806697372521679
miss,8.703522769607732
miss,8.703522769607732
get,6.260652036923599
Get,6.260652036923599
stood,10.199201796685172
pointed,10.455135170822372
got,7.114779448416464
hits,10.015537056344751
made,7.091678117143066
keep,7.690827167070069
making,7.966185778017415
bed,9.053336623166516
way,6.887952651685957
got,7.114779448416464
funny,9.161550207806751
True,8.29005761883249
Lot,7.806697372521679
things,7.505592279737757
closely,10.29209554357787
back,6.812445099177812
back,6.812445099177812
miracle,11.21282087251989
missed,9.601902574915355
moved,9.190537744680004
takes,8.79823072114935
long,7.344711054181673
things,7.505592279737757
get,6.260652036923599
things,7.505592279737757
preservation,11.493122837674049
bodies,9.923690259853648
things,7.505592279737757
big,7.667042262046627
way,6.887952651685957
go,6.840096630508322
get,6.260652036923599
inside,8.772085441045027
snowed,14.09126405955078
give,7.575234712793504
top,7.896616703691127
far,8.059768344377362
made,7.091678117143066
answer,8.818298284200159
see,6.676643558018751
line,8.082169281066529
playing,8.360189442606572
got,7.114779448416464
got,7.114779448416464
put,7.690827167070069
stay,8.449534542942423
hear,8.679712120914012
before,7.0690984293909
true,8.29005761883249
make,6.725433722188183
going,7.045868581111772
bit,8.360189442606572
knocking,11.788678966556736
lot,7.806697372521679
back,6.812445099177812
Look,7.344711054181673
Come,7.413593361237089
Go,6.840096630508322
see,6.676643558018751
Come,7.413593361237089
loads,11.006107862601777
stopped,9.57850969534065
got,7.114779448416464
point,7.966185778017415
go,6.840096630508322
little,7.484008708070583
bit,8.360189442606572
teeny,13.70218187265727
bit,8.360189442606572
lot,7.806697372521679
lot,7.806697372521679
true,8.29005761883249
before,7.0690984293909
go,6.840096630508322
Come,7.413593361237089
nuggets,12.664938530365454
nuggets,12.664938530365454
lady,9.32575122348751
silly,10.616837440413592
Go,6.840096630508322
stop,8.01339218258721
manage,10.26877087101146
sort,9.210340371976182
manage,10.26877087101146
makes,8.152550077828328
things,7.505592279737757
tripping,12.618562368575304
running,8.679712120914012
Pop,9.510095025662231
leave,8.426438828147774
see,6.676643558018751
naughty,11.904487667909402
big,7.667042262046627
fits,10.89234897724512
see,6.676643558018751
bound,10.455135170822372
spicy,11.973374881411152
bet,9.693226627052931
Bit,8.360189442606572
body,8.29005761883249
great,7.183508780568644
fine,8.679712120914012
get,6.260652036923599
managed,9.76372561016097
thing,7.55211229537265
got,7.114779448416464
trotting,14.046182375699276
go,6.840096630508322
see,6.676643558018751
things,7.505592279737757
moved,9.190537744680004
quickly,9.210340371976182
take,7.091678117143066
got,7.114779448416464
get,6.260652036923599
moving,9.161550207806751
upset,10.109282465515724
prime,9.647296147175718
things,7.505592279737757
Bogged,13.838779184903627
got,7.114779448416464
see,6.676643558018751
look,7.344711054181673
hard,7.989510450583824
see,6.676643558018751
that,4.585367558691911
massive,9.854697388366697
makes,8.152550077828328
feel,7.667042262046627
made,7.091678117143066
got,7.114779448416464
little,7.484008708070583
things,7.505592279737757
see,6.676643558018751
worry,9.57850969534065
dolly,12.571355964005509
little,7.484008708070583
see,6.676643558018751
before,7.0690984293909
things,7.505592279737757
pull,9.624341811106634
things,7.505592279737757
little,7.484008708070583
trips,10.982297213908058
get,6.260652036923599
relax,10.845096092394574
feel,7.667042262046627
tell,7.989510450583824
break,8.79823072114935
about,5.987472525838444
whole,8.152550077828328
lot,7.806697372521679
come,7.413593361237089
took,8.034767042171945
feel,7.667042262046627
change,7.966185778017415
locks,11.651038767099864
locked,10.52338427135648
hard,7.989510450583824
nails,11.417615285165905
fit,9.32575122348751
role,8.8387768155437
forms,9.832097556449456
fill,10.03816245586273
worry,9.57850969534065
holds,10.131643645673885
see,6.676643558018751
getting,7.896616703691127
rubbish,11.812680118656278
free,7.75872654473565
cut,8.656455258749745
corruption,10.70644959910328
worn,10.914088963881523
looking,7.896616703691127
goes,8.703522769607732
see,6.676643558018751
make,6.725433722188183
stick,9.76372561016097
comes,8.381788554410035
helped,9.48609387356269
thing,7.55211229537265
turned,9.003326202591856
half way,8.492500578825865
end,7.643809960553359
quickly,9.210340371976182
put,7.690827167070069
there,6.194805471126012
hit,8.360189442606572
felt,8.910235779525845
feeling,8.910235779525845
keen,11.21282087251989
lot,7.806697372521679
weed,10.89234897724512
hit,8.360189442606572
help,7.484008708070583
top,7.896616703691127
means,8.198739460297702
given,8.266434473069054
take,7.091678117143066
admit,10.177924398237888
lot,7.806697372521679
mean,7.989510450583824
relax,10.845096092394574
ahead,9.190537744680004
worry,9.57850969534065
came,8.059768344377362
put,7.690827167070069
double,9.190537744680004
hard,7.989510450583824
wise,10.33735213516599
ahead,9.190537744680004
means,8.198739460297702
lot,7.806697372521679
way,6.887952651685957
saving,10.154516307339874
got,7.114779448416464
got,7.114779448416464
got,7.114779448416464
looking,7.896616703691127
forward,8.932708635377903
honey,10.66277453560062
wide,9.302455660883988
there,6.194805471126012
head,8.034767042171945
see,6.676643558018751
sitting,9.533304258572604
smiling,11.169335760580152
saying,8.360189442606572
see,6.676643558018751
see,6.676643558018751
pre-packed,11.006107862601777
under,7.52951246345541
head,8.034767042171945
getting,7.896616703691127
got,7.114779448416464
little,7.484008708070583
moved,9.190537744680004
go,6.840096630508322
making,7.966185778017415
way,6.887952651685957
way,6.887952651685957
way,6.887952651685957
way,6.887952651685957
way,6.887952651685957
lot,7.806697372521679
get,6.260652036923599
fine,8.679712120914012
save,8.88825687280707
lot,7.806697372521679
thing,7.55211229537265
away,7.782424336165473
away,7.782424336165473
Straight,9.115030192171858
came,8.059768344377362
came,8.059768344377362
came,8.059768344377362
came,8.059768344377362
bit,8.360189442606572
things,7.505592279737757
things,7.505592279737757
spare,10.86582222291169
lot,7.806697372521679
lot,7.806697372521679
quarter,9.854697388366697
quarter,9.854697388366697
come,7.413593361237089
goes,8.703522769607732
goes,8.703522769607732
goes,8.703522769607732
goes,8.703522769607732
go,6.840096630508322
Come,7.413593361237089
come,7.413593361237089
come,7.413593361237089
Go,6.840096630508322
Go,6.840096630508322
got,7.114779448416464
following,8.152550077828328
got,7.114779448416464
cut,8.656455258749745
before,7.0690984293909
said,6.887952651685957
pale,11.330603908176274
reduce,9.832097556449456
old,7.484008708070583
crap,10.592642711826535
see,6.676643558018751
lot,7.806697372521679
got,7.114779448416464
place,7.575234712793504
bash,11.949881240169764
away,7.782424336165473
pay,8.29005761883249
get,6.260652036923599
make,6.725433722188183
get,6.260652036923599
a little,7.507412116454743
rush,10.40766863358345
lady,9.32575122348751
Come,7.413593361237089
Come,7.413593361237089
Come,7.413593361237089
Come,7.413593361237089
win,8.314252347419547
bloody,10.86582222291169
stuff,8.88825687280707
see,6.676643558018751
see,6.676643558018751
thing,7.55211229537265
see,6.676643558018751
bit,8.360189442606572
follow,8.88825687280707
hit,8.360189442606572
comes,8.381788554410035
bloody,10.86582222291169
see,6.676643558018751
see,6.676643558018751
got,7.114779448416464
back,6.812445099177812
tired,9.877819805787553
Come,7.413593361237089
little,7.484008708070583
bloody,10.86582222291169
smacked,13.333084408719982
leave,8.426438828147774
got,7.114779448416464
seeing,9.115030192171858
got,7.114779448416464
see,6.676643558018751
turns,9.76372561016097
went,8.059768344377362
great,7.183508780568644
bit,8.360189442606572
reckon,12.066310703155017
drop,9.233608998915535
pop,9.510095025662231
little,7.484008708070583
about,5.987472525838444
way,6.887952651685957
bet,9.693226627052931
place,7.575234712793504
bound,10.455135170822372
get,6.260652036923599
little,7.484008708070583
said,6.887952651685957
make,6.725433722188183
fine,8.679712120914012
going,7.045868581111772
leg,9.993412260064115
comes,8.381788554410035
reckon,12.066310703155017
get,6.260652036923599
Come,7.413593361237089
see,6.676643558018751
bloody,10.86582222291169
bloody,10.86582222291169
go,6.840096630508322
higher,8.79823072114935
go,6.840096630508322
stay,8.449534542942423
there,6.194805471126012
big,7.667042262046627
Hang,10.131643645673885
get,6.260652036923599
slip,10.86582222291169
see,6.676643558018751
full,7.966185778017415
points,8.679712120914012
shit,8.105083540589405
little,7.484008708070583
sod,13.23889719366028
go,6.840096630508322
Go,6.840096630508322
Go,6.840096630508322
Take,7.091678117143066
got,7.114779448416464
Upset,10.109282465515724
Go,6.840096630508322
got,7.114779448416464
going,7.045868581111772
got,7.114779448416464
bloody,10.86582222291169
bloody,10.86582222291169
lost,8.314252347419547
leg,9.993412260064115
keep,7.690827167070069
keep,7.690827167070069
get,6.260652036923599
big,7.667042262046627
way,6.887952651685957
middle,8.79823072114935
Go,6.840096630508322
thing,7.55211229537265
thing,7.55211229537265
knocked,10.959040351743791
thing,7.55211229537265
that,4.585367558691911
got,7.114779448416464
got,7.114779448416464
got,7.114779448416464
knocked,10.959040351743791
go,6.840096630508322
Crap,10.592642711826535
Said,6.887952651685957
hang,10.131643645673885
goes,8.703522769607732
Throw,9.601902574915355
piss,11.120883377194204
hell,8.979228651012797
sponge,12.45710140033392
watching,9.161550207806751
bastard,11.766528223769146
sort,9.210340371976182
go,6.840096630508322
loaded,10.936312100666235
goes,8.703522769607732
leave,8.426438828147774
alone,8.8387768155437
Leave,8.426438828147774
alone,8.8387768155437
go,6.840096630508322
come,7.413593361237089
big,7.667042262046627
hole,9.993412260064115
head,8.034767042171945
Come,7.413593361237089
Come,7.413593361237089
old,7.484008708070583
quickly,9.210340371976182
made,7.091678117143066
arrangements,10.982297213908058
captain,9.4639431307751
look,7.344711054181673
subject,9.302455660883988
subject,9.302455660883988
thing,7.55211229537265
side,8.059768344377362
side,8.059768344377362
blocks,10.52338427135648
block,9.48609387356269
block,9.48609387356269
manage,10.26877087101146
manage,10.26877087101146
flights,11.030499315725937
operation,9.394263210137112
operations,9.510095025662231
great,7.183508780568644
crippled,12.664938530365454
work,6.999870567889943
transplanted,13.675748615589116
work,6.999870567889943
work,6.999870567889943
work,6.999870567889943
work,6.999870567889943
work,6.999870567889943
helps,9.808177372731803
heavens,12.157282481360742
Come,7.413593361237089
come,7.413593361237089
come,7.413593361237089
look,7.344711054181673
thing,7.55211229537265
give,7.575234712793504
arrangement,10.936312100666235
arrangement,10.936312100666235
got,7.114779448416464
heavy,9.302455660883988
fine,8.679712120914012
gained,10.384754374060574
About,5.987472525838444
About,5.987472525838444
put,7.690827167070069
traipsing,15.705986000131489
spend,9.279690450110976
spend,9.279690450110976
branch,10.177924398237888
spend,9.279690450110976
entitled,10.33735213516599
that,4.585367558691911
see,6.676643558018751
backwards,11.417615285165905
sweet,9.417364541410508
way,6.887952651685957
way,6.887952651685957
Gives,9.142681723502369
make,6.725433722188183
Come,7.413593361237089
invent,12.501786889679218
fabulous,11.330603908176274
rubbish,11.812680118656278
spend,9.279690450110976
about,5.987472525838444
strong,8.703522769607732
made,7.091678117143066
belt,10.545941618780557
belt,10.545941618780557
border,9.901489549873457
border,9.901489549873457
above,8.752915524937308
missed,9.601902574915355
sold,9.279690450110976
sold,9.279690450110976
give,7.575234712793504
stupid,9.348453674105818
take,7.091678117143066
take,7.091678117143066
got,7.114779448416464
taking,8.314252347419547
take,7.091678117143066
got,7.114779448416464
got,7.114779448416464
hands,8.8387768155437
